{
  "xgb_only": {
    "mean": 100.0,
    "std": 0.0,
    "formatted": "100.00 \u00b1 0.00"
  },
  "bilstm_1_only": {
    "mean": 91.49639457464218,
    "std": 1.8253856832577589,
    "formatted": "91.50 \u00b1 1.83"
  },
  "bilstm_5_only": {
    "mean": 96.5757092833519,
    "std": 1.1055979265835345,
    "formatted": "96.58 \u00b1 1.11"
  },
  "bilstm_15_only": {
    "mean": 99.55847799777985,
    "std": 0.5253409804255839,
    "formatted": "99.56 \u00b1 0.53"
  },
  "multiscale_bilstm_only": {
    "mean": 99.4155695782165,
    "std": 0.8601341538182937,
    "formatted": "99.42 \u00b1 0.86"
  },
  "multiscale_bilstm_plus_knn": {
    "mean": 99.26919688872454,
    "std": 0.9003854686013234,
    "formatted": "99.27 \u00b1 0.90"
  },
  "full_detector": {
    "mean": 99.37439574309104,
    "std": 0.8490860688860079,
    "formatted": "99.37 \u00b1 0.85"
  }
}