{
  "bilstm_1s": {
    "mean": 0.0,
    "std": 0.0,
    "min": 0.0,
    "max": 0.0
  },
  "bilstm_5s": {
    "mean": 0.0,
    "std": 0.0,
    "min": 0.0,
    "max": 0.0
  },
  "bilstm_15s": {
    "mean": 99.66023520424935,
    "std": 0.8307195410680852,
    "min": 96.31843301647763,
    "max": 100.0
  },
  "spatial": {
    "mean": 0.012423848481206472,
    "std": 0.03133640519280951,
    "min": 0.0,
    "max": 0.10484698643261688
  },
  "xgb_tabular": {
    "mean": 0.3273409472694554,
    "std": 0.8352692632363373,
    "min": 0.0,
    "max": 3.6815669835223725
  }
}