{
  "seed": 888,
  "target_speed": 25,
  "accuracy": 0.990990990990991,
  "precision_macro": 0.990990990990991,
  "recall_macro": 0.9927536231884058,
  "f1_macro": 0.9917707862913342,
  "precision_per_class": [
    1.0,
    1.0,
    0.972972972972973
  ],
  "recall_per_class": [
    1.0,
    0.9782608695652174,
    1.0
  ],
  "f1_per_class": [
    1.0,
    0.989010989010989,
    0.9863013698630136
  ],
  "confusion_matrix": [
    [
      29,
      0,
      0
    ],
    [
      0,
      45,
      1
    ],
    [
      0,
      0,
      36
    ]
  ],
  "single_scale_acc": {
    "1s": 0.9099099040031433,
    "5s": 0.9828571677207947,
    "15s": 0.9915966391563416
  },
  "xgb_only_acc": 1.0,
  "y_true": [
    1,
    1,
    1,
    1,
    1,
    1,
    1,
    1,
    1,
    1,
    1,
    1,
    1,
    1,
    1,
    1,
    1,
    1,
    1,
    1,
    1,
    1,
    1,
    0,
    0,
    0,
    0,
    0,
    0,
    0,
    0,
    0,
    0,
    0,
    0,
    1,
    1,
    1,
    1,
    1,
    1,
    1,
    1,
    1,
    1,
    1,
    1,
    1,
    1,
    1,
    1,
    1,
    1,
    1,
    1,
    1,
    1,
    1,
    0,
    0,
    0,
    0,
    0,
    0,
    0,
    0,
    0,
    0,
    0,
    0,
    0,
    0,
    0,
    0,
    0,
    2,
    2,
    2,
    2,
    2,
    2,
    2,
    2,
    2,
    2,
    2,
    2,
    2,
    2,
    2,
    2,
    2,
    2,
    2,
    2,
    2,
    2,
    2,
    2,
    2,
    2,
    2,
    2,
    2,
    2,
    2,
    2,
    2,
    2,
    2,
    2
  ],
  "y_pred": [
    2,
    1,
    1,
    1,
    1,
    1,
    1,
    1,
    1,
    1,
    1,
    1,
    1,
    1,
    1,
    1,
    1,
    1,
    1,
    1,
    1,
    1,
    1,
    0,
    0,
    0,
    0,
    0,
    0,
    0,
    0,
    0,
    0,
    0,
    0,
    1,
    1,
    1,
    1,
    1,
    1,
    1,
    1,
    1,
    1,
    1,
    1,
    1,
    1,
    1,
    1,
    1,
    1,
    1,
    1,
    1,
    1,
    1,
    0,
    0,
    0,
    0,
    0,
    0,
    0,
    0,
    0,
    0,
    0,
    0,
    0,
    0,
    0,
    0,
    0,
    2,
    2,
    2,
    2,
    2,
    2,
    2,
    2,
    2,
    2,
    2,
    2,
    2,
    2,
    2,
    2,
    2,
    2,
    2,
    2,
    2,
    2,
    2,
    2,
    2,
    2,
    2,
    2,
    2,
    2,
    2,
    2,
    2,
    2,
    2,
    2
  ],
  "meta_feature_importance": {
    "weight": {
      "bilstm_1s": 0.0,
      "bilstm_5s": 0.0,
      "bilstm_15s": 99.63636363636364,
      "spatial": 0.36363636363636365,
      "xgb_tabular": 0.0
    },
    "gain": {
      "bilstm_1s": 0.0,
      "bilstm_5s": 0.0,
      "bilstm_15s": 99.91340666039724,
      "spatial": 0.08659333960275492,
      "xgb_tabular": 0.0
    },
    "cover": {
      "bilstm_1s": 0.0,
      "bilstm_5s": 0.0,
      "bilstm_15s": 99.30293382957616,
      "spatial": 0.6970661704238468,
      "xgb_tabular": 0.0
    },
    "total_gain": {
      "bilstm_1s": 0.0,
      "bilstm_5s": 0.0,
      "bilstm_15s": 99.99406780886034,
      "spatial": 0.0059321911396698936,
      "xgb_tabular": 0.0
    },
    "total_cover": {
      "bilstm_1s": 0.0,
      "bilstm_5s": 0.0,
      "bilstm_15s": 99.95813936390819,
      "spatial": 0.04186063609180692,
      "xgb_tabular": 0.0
    }
  },
  "ablation": {
    "xgb_only": 1.0,
    "bilstm_1_only": 0.9099099040031433,
    "bilstm_5_only": 0.9828571677207947,
    "bilstm_15_only": 0.9915966391563416,
    "multiscale_bilstm_only": 0.990990990990991,
    "multiscale_bilstm_plus_knn": 0.990990990990991,
    "full_detector": 0.990990990990991
  },
  "knn_sensitivity": {
    "k=3": {
      "accuracy": 0.990990990990991,
      "graph_density": 0.025423728813559324
    },
    "k=5": {
      "accuracy": 0.990990990990991,
      "graph_density": 0.0423728813559322
    },
    "k=7": {
      "accuracy": 0.990990990990991,
      "graph_density": 0.059322033898305086
    },
    "k=10": {
      "accuracy": 0.990990990990991,
      "graph_density": 0.0847457627118644
    }
  }
}