{
  "seed": 99,
  "target_speed": 25,
  "accuracy": 0.9933333333333333,
  "precision_macro": 0.9934640522875817,
  "recall_macro": 0.9940476190476191,
  "f1_macro": 0.9936966669639937,
  "precision_per_class": [
    0.9803921568627451,
    1.0,
    1.0
  ],
  "recall_per_class": [
    1.0,
    1.0,
    0.9821428571428571
  ],
  "f1_per_class": [
    0.9900990099009901,
    1.0,
    0.990990990990991
  ],
  "confusion_matrix": [
    [
      50,
      0,
      0
    ],
    [
      0,
      44,
      0
    ],
    [
      1,
      0,
      55
    ]
  ],
  "single_scale_acc": {
    "1s": 0.9399999976158142,
    "5s": 0.9737991094589233,
    "15s": 1.0
  },
  "xgb_only_acc": 1.0,
  "y_true": [
    2,
    2,
    2,
    2,
    2,
    2,
    2,
    2,
    2,
    2,
    2,
    2,
    2,
    2,
    2,
    2,
    0,
    0,
    0,
    0,
    0,
    0,
    0,
    0,
    0,
    0,
    0,
    0,
    0,
    0,
    0,
    0,
    2,
    2,
    2,
    2,
    2,
    2,
    2,
    2,
    2,
    2,
    2,
    2,
    2,
    2,
    2,
    2,
    2,
    2,
    2,
    2,
    2,
    1,
    1,
    1,
    1,
    1,
    1,
    1,
    1,
    1,
    1,
    1,
    1,
    1,
    1,
    1,
    1,
    1,
    1,
    1,
    1,
    1,
    0,
    0,
    0,
    0,
    0,
    0,
    0,
    0,
    0,
    0,
    0,
    0,
    0,
    0,
    0,
    0,
    0,
    1,
    1,
    1,
    1,
    1,
    1,
    1,
    1,
    1,
    1,
    1,
    1,
    1,
    1,
    1,
    1,
    1,
    1,
    1,
    1,
    1,
    1,
    1,
    2,
    2,
    2,
    2,
    2,
    2,
    2,
    2,
    2,
    2,
    2,
    2,
    2,
    2,
    2,
    2,
    2,
    2,
    2,
    0,
    0,
    0,
    0,
    0,
    0,
    0,
    0,
    0,
    0,
    0,
    0,
    0,
    0,
    0,
    0,
    0
  ],
  "y_pred": [
    2,
    2,
    2,
    2,
    2,
    2,
    2,
    2,
    2,
    2,
    2,
    2,
    2,
    2,
    2,
    2,
    0,
    0,
    0,
    0,
    0,
    0,
    0,
    0,
    0,
    0,
    0,
    0,
    0,
    0,
    0,
    0,
    0,
    2,
    2,
    2,
    2,
    2,
    2,
    2,
    2,
    2,
    2,
    2,
    2,
    2,
    2,
    2,
    2,
    2,
    2,
    2,
    2,
    1,
    1,
    1,
    1,
    1,
    1,
    1,
    1,
    1,
    1,
    1,
    1,
    1,
    1,
    1,
    1,
    1,
    1,
    1,
    1,
    1,
    0,
    0,
    0,
    0,
    0,
    0,
    0,
    0,
    0,
    0,
    0,
    0,
    0,
    0,
    0,
    0,
    0,
    1,
    1,
    1,
    1,
    1,
    1,
    1,
    1,
    1,
    1,
    1,
    1,
    1,
    1,
    1,
    1,
    1,
    1,
    1,
    1,
    1,
    1,
    1,
    2,
    2,
    2,
    2,
    2,
    2,
    2,
    2,
    2,
    2,
    2,
    2,
    2,
    2,
    2,
    2,
    2,
    2,
    2,
    0,
    0,
    0,
    0,
    0,
    0,
    0,
    0,
    0,
    0,
    0,
    0,
    0,
    0,
    0,
    0,
    0
  ],
  "meta_feature_importance": {
    "weight": {
      "bilstm_1s": 0.0,
      "bilstm_5s": 0.0,
      "bilstm_15s": 99.63768115942028,
      "spatial": 0.36231884057971014,
      "xgb_tabular": 0.0
    },
    "gain": {
      "bilstm_1s": 0.0,
      "bilstm_5s": 0.0,
      "bilstm_15s": 99.89515301356738,
      "spatial": 0.10484698643261688,
      "xgb_tabular": 0.0
    },
    "cover": {
      "bilstm_1s": 0.0,
      "bilstm_5s": 0.0,
      "bilstm_15s": 99.22781832525611,
      "spatial": 0.7721816747438911,
      "xgb_tabular": 0.0
    },
    "total_gain": {
      "bilstm_1s": 0.0,
      "bilstm_5s": 0.0,
      "bilstm_15s": 99.99478297643385,
      "spatial": 0.005217023566153977,
      "xgb_tabular": 0.0
    },
    "total_cover": {
      "bilstm_1s": 0.0,
      "bilstm_5s": 0.0,
      "bilstm_15s": 99.96031194475029,
      "spatial": 0.039688055249711925,
      "xgb_tabular": 0.0
    }
  },
  "ablation": {
    "xgb_only": 1.0,
    "bilstm_1_only": 0.9399999976158142,
    "bilstm_5_only": 0.9737991094589233,
    "bilstm_15_only": 1.0,
    "multiscale_bilstm_only": 1.0,
    "multiscale_bilstm_plus_knn": 0.9933333333333333,
    "full_detector": 0.9933333333333333
  },
  "knn_sensitivity": {
    "k=3": {
      "accuracy": 1.0,
      "graph_density": 0.02
    },
    "k=5": {
      "accuracy": 0.9933333333333333,
      "graph_density": 0.03333333333333333
    },
    "k=7": {
      "accuracy": 0.9933333333333333,
      "graph_density": 0.04666666666666667
    },
    "k=10": {
      "accuracy": 0.9933333333333333,
      "graph_density": 0.06666666666666667
    }
  }
}