{
  "seed": 13,
  "target_speed": 25,
  "accuracy": 0.9933774834437086,
  "precision_macro": 0.9922480620155039,
  "recall_macro": 0.9958847736625515,
  "f1_macro": 0.9940080379978079,
  "precision_per_class": [
    1.0,
    0.9767441860465116,
    1.0
  ],
  "recall_per_class": [
    1.0,
    1.0,
    0.9876543209876543
  ],
  "f1_per_class": [
    1.0,
    0.9882352941176471,
    0.9937888198757764
  ],
  "confusion_matrix": [
    [
      28,
      0,
      0
    ],
    [
      0,
      42,
      0
    ],
    [
      0,
      1,
      80
    ]
  ],
  "single_scale_acc": {
    "1s": 0.9139072895050049,
    "5s": 0.9437229633331299,
    "15s": 0.9807692170143127
  },
  "xgb_only_acc": 1.0,
  "y_true": [
    0,
    0,
    0,
    0,
    0,
    0,
    0,
    0,
    0,
    0,
    0,
    0,
    0,
    0,
    0,
    0,
    0,
    0,
    0,
    0,
    0,
    0,
    0,
    0,
    0,
    0,
    0,
    0,
    2,
    2,
    2,
    2,
    2,
    2,
    2,
    2,
    2,
    2,
    2,
    2,
    2,
    2,
    2,
    2,
    2,
    2,
    2,
    2,
    2,
    2,
    1,
    1,
    1,
    1,
    1,
    1,
    1,
    1,
    1,
    1,
    1,
    1,
    1,
    1,
    1,
    1,
    1,
    1,
    2,
    2,
    2,
    2,
    2,
    2,
    2,
    2,
    2,
    2,
    2,
    2,
    2,
    2,
    2,
    2,
    2,
    2,
    2,
    2,
    2,
    2,
    2,
    2,
    2,
    2,
    2,
    2,
    2,
    2,
    2,
    2,
    2,
    2,
    2,
    2,
    2,
    2,
    2,
    2,
    2,
    1,
    1,
    1,
    1,
    1,
    1,
    1,
    1,
    1,
    1,
    1,
    1,
    1,
    1,
    1,
    1,
    1,
    1,
    1,
    1,
    1,
    1,
    1,
    1,
    2,
    2,
    2,
    2,
    2,
    2,
    2,
    2,
    2,
    2,
    2,
    2,
    2,
    2,
    2,
    2,
    2,
    2
  ],
  "y_pred": [
    0,
    0,
    0,
    0,
    0,
    0,
    0,
    0,
    0,
    0,
    0,
    0,
    0,
    0,
    0,
    0,
    0,
    0,
    0,
    0,
    0,
    0,
    0,
    0,
    0,
    0,
    0,
    0,
    1,
    2,
    2,
    2,
    2,
    2,
    2,
    2,
    2,
    2,
    2,
    2,
    2,
    2,
    2,
    2,
    2,
    2,
    2,
    2,
    2,
    2,
    1,
    1,
    1,
    1,
    1,
    1,
    1,
    1,
    1,
    1,
    1,
    1,
    1,
    1,
    1,
    1,
    1,
    1,
    2,
    2,
    2,
    2,
    2,
    2,
    2,
    2,
    2,
    2,
    2,
    2,
    2,
    2,
    2,
    2,
    2,
    2,
    2,
    2,
    2,
    2,
    2,
    2,
    2,
    2,
    2,
    2,
    2,
    2,
    2,
    2,
    2,
    2,
    2,
    2,
    2,
    2,
    2,
    2,
    2,
    1,
    1,
    1,
    1,
    1,
    1,
    1,
    1,
    1,
    1,
    1,
    1,
    1,
    1,
    1,
    1,
    1,
    1,
    1,
    1,
    1,
    1,
    1,
    1,
    2,
    2,
    2,
    2,
    2,
    2,
    2,
    2,
    2,
    2,
    2,
    2,
    2,
    2,
    2,
    2,
    2,
    2
  ],
  "meta_feature_importance": {
    "weight": {
      "bilstm_1s": 0.0,
      "bilstm_5s": 0.0,
      "bilstm_15s": 100.0,
      "spatial": 0.0,
      "xgb_tabular": 0.0
    },
    "gain": {
      "bilstm_1s": 0.0,
      "bilstm_5s": 0.0,
      "bilstm_15s": 100.0,
      "spatial": 0.0,
      "xgb_tabular": 0.0
    },
    "cover": {
      "bilstm_1s": 0.0,
      "bilstm_5s": 0.0,
      "bilstm_15s": 100.0,
      "spatial": 0.0,
      "xgb_tabular": 0.0
    },
    "total_gain": {
      "bilstm_1s": 0.0,
      "bilstm_5s": 0.0,
      "bilstm_15s": 100.0,
      "spatial": 0.0,
      "xgb_tabular": 0.0
    },
    "total_cover": {
      "bilstm_1s": 0.0,
      "bilstm_5s": 0.0,
      "bilstm_15s": 100.0,
      "spatial": 0.0,
      "xgb_tabular": 0.0
    }
  },
  "ablation": {
    "xgb_only": 1.0,
    "bilstm_1_only": 0.9139072895050049,
    "bilstm_5_only": 0.9437229633331299,
    "bilstm_15_only": 0.9807692170143127,
    "multiscale_bilstm_only": 0.9933774834437086,
    "multiscale_bilstm_plus_knn": 0.9933774834437086,
    "full_detector": 0.9933774834437086
  },
  "knn_sensitivity": {
    "k=3": {
      "accuracy": 0.9933774834437086,
      "graph_density": 0.01935483870967742
    },
    "k=5": {
      "accuracy": 0.9933774834437086,
      "graph_density": 0.03225806451612903
    },
    "k=7": {
      "accuracy": 0.9933774834437086,
      "graph_density": 0.04516129032258064
    },
    "k=10": {
      "accuracy": 0.9933774834437086,
      "graph_density": 0.06451612903225806
    }
  }
}