{
  "seed": 77,
  "target_speed": 25,
  "accuracy": 0.9933774834437086,
  "precision_macro": 0.9925925925925926,
  "recall_macro": 0.9925925925925926,
  "f1_macro": 0.9925093632958801,
  "precision_per_class": [
    1.0,
    1.0,
    0.9777777777777777
  ],
  "recall_per_class": [
    1.0,
    0.9777777777777777,
    1.0
  ],
  "f1_per_class": [
    1.0,
    0.9887640449438202,
    0.9887640449438202
  ],
  "confusion_matrix": [
    [
      62,
      0,
      0
    ],
    [
      0,
      44,
      1
    ],
    [
      0,
      0,
      44
    ]
  ],
  "single_scale_acc": {
    "1s": 0.9205297827720642,
    "5s": 0.9674796462059021,
    "15s": 0.9939393997192383
  },
  "xgb_only_acc": 1.0,
  "y_true": [
    0,
    0,
    0,
    0,
    0,
    0,
    0,
    0,
    0,
    0,
    0,
    0,
    0,
    0,
    0,
    0,
    0,
    0,
    1,
    1,
    1,
    1,
    1,
    1,
    1,
    1,
    1,
    1,
    1,
    1,
    1,
    1,
    1,
    1,
    1,
    1,
    1,
    1,
    1,
    1,
    1,
    2,
    2,
    2,
    2,
    2,
    2,
    2,
    2,
    2,
    2,
    2,
    2,
    2,
    2,
    2,
    2,
    2,
    2,
    2,
    2,
    2,
    2,
    0,
    0,
    0,
    0,
    0,
    0,
    0,
    0,
    0,
    0,
    0,
    0,
    1,
    1,
    1,
    1,
    1,
    1,
    1,
    1,
    1,
    1,
    1,
    1,
    1,
    1,
    1,
    1,
    1,
    1,
    1,
    1,
    1,
    1,
    2,
    2,
    2,
    2,
    2,
    2,
    2,
    2,
    2,
    2,
    2,
    2,
    2,
    2,
    2,
    2,
    2,
    2,
    2,
    2,
    2,
    2,
    0,
    0,
    0,
    0,
    0,
    0,
    0,
    0,
    0,
    0,
    0,
    0,
    0,
    0,
    0,
    0,
    0,
    0,
    0,
    0,
    0,
    0,
    0,
    0,
    0,
    0,
    0,
    0,
    0,
    0,
    0,
    0
  ],
  "y_pred": [
    0,
    0,
    0,
    0,
    0,
    0,
    0,
    0,
    0,
    0,
    0,
    0,
    0,
    0,
    0,
    0,
    0,
    0,
    2,
    1,
    1,
    1,
    1,
    1,
    1,
    1,
    1,
    1,
    1,
    1,
    1,
    1,
    1,
    1,
    1,
    1,
    1,
    1,
    1,
    1,
    1,
    2,
    2,
    2,
    2,
    2,
    2,
    2,
    2,
    2,
    2,
    2,
    2,
    2,
    2,
    2,
    2,
    2,
    2,
    2,
    2,
    2,
    2,
    0,
    0,
    0,
    0,
    0,
    0,
    0,
    0,
    0,
    0,
    0,
    0,
    1,
    1,
    1,
    1,
    1,
    1,
    1,
    1,
    1,
    1,
    1,
    1,
    1,
    1,
    1,
    1,
    1,
    1,
    1,
    1,
    1,
    1,
    2,
    2,
    2,
    2,
    2,
    2,
    2,
    2,
    2,
    2,
    2,
    2,
    2,
    2,
    2,
    2,
    2,
    2,
    2,
    2,
    2,
    2,
    0,
    0,
    0,
    0,
    0,
    0,
    0,
    0,
    0,
    0,
    0,
    0,
    0,
    0,
    0,
    0,
    0,
    0,
    0,
    0,
    0,
    0,
    0,
    0,
    0,
    0,
    0,
    0,
    0,
    0,
    0,
    0
  ],
  "meta_feature_importance": {
    "weight": {
      "bilstm_1s": 0.0,
      "bilstm_5s": 0.0,
      "bilstm_15s": 100.0,
      "spatial": 0.0,
      "xgb_tabular": 0.0
    },
    "gain": {
      "bilstm_1s": 0.0,
      "bilstm_5s": 0.0,
      "bilstm_15s": 100.0,
      "spatial": 0.0,
      "xgb_tabular": 0.0
    },
    "cover": {
      "bilstm_1s": 0.0,
      "bilstm_5s": 0.0,
      "bilstm_15s": 100.0,
      "spatial": 0.0,
      "xgb_tabular": 0.0
    },
    "total_gain": {
      "bilstm_1s": 0.0,
      "bilstm_5s": 0.0,
      "bilstm_15s": 100.0,
      "spatial": 0.0,
      "xgb_tabular": 0.0
    },
    "total_cover": {
      "bilstm_1s": 0.0,
      "bilstm_5s": 0.0,
      "bilstm_15s": 100.0,
      "spatial": 0.0,
      "xgb_tabular": 0.0
    }
  },
  "ablation": {
    "xgb_only": 1.0,
    "bilstm_1_only": 0.9205297827720642,
    "bilstm_5_only": 0.9674796462059021,
    "bilstm_15_only": 0.9939393997192383,
    "multiscale_bilstm_only": 0.9933774834437086,
    "multiscale_bilstm_plus_knn": 0.9933774834437086,
    "full_detector": 0.9933774834437086
  },
  "knn_sensitivity": {
    "k=3": {
      "accuracy": 0.9933774834437086,
      "graph_density": 0.018292682926829267
    },
    "k=5": {
      "accuracy": 0.9933774834437086,
      "graph_density": 0.03048780487804878
    },
    "k=7": {
      "accuracy": 0.9933774834437086,
      "graph_density": 0.042682926829268296
    },
    "k=10": {
      "accuracy": 0.9933774834437086,
      "graph_density": 0.06097560975609756
    }
  }
}