{
  "seed": 33,
  "target_speed": 25,
  "accuracy": 0.9930555555555556,
  "precision_macro": 0.9970238095238096,
  "recall_macro": 0.9855072463768115,
  "f1_macro": 0.9910978242816807,
  "precision_per_class": [
    1.0,
    0.9910714285714286,
    1.0
  ],
  "recall_per_class": [
    1.0,
    1.0,
    0.9565217391304348
  ],
  "f1_per_class": [
    1.0,
    0.9955156950672646,
    0.9777777777777777
  ],
  "confusion_matrix": [
    [
      10,
      0,
      0
    ],
    [
      0,
      111,
      0
    ],
    [
      0,
      1,
      22
    ]
  ],
  "single_scale_acc": {
    "1s": 0.8888888955116272,
    "5s": 0.9700854420661926,
    "15s": 0.9938271641731262
  },
  "xgb_only_acc": 1.0,
  "y_true": [
    0,
    0,
    0,
    0,
    0,
    0,
    0,
    0,
    0,
    0,
    2,
    2,
    2,
    2,
    2,
    2,
    2,
    2,
    2,
    2,
    2,
    2,
    2,
    2,
    2,
    2,
    2,
    2,
    2,
    2,
    2,
    2,
    1,
    1,
    1,
    1,
    1,
    1,
    1,
    1,
    1,
    1,
    1,
    1,
    1,
    1,
    1,
    1,
    1,
    1,
    1,
    1,
    1,
    1,
    1,
    1,
    1,
    1,
    1,
    1,
    1,
    1,
    1,
    1,
    1,
    1,
    1,
    1,
    1,
    1,
    1,
    1,
    1,
    1,
    1,
    1,
    1,
    1,
    1,
    1,
    1,
    1,
    1,
    1,
    1,
    1,
    1,
    1,
    1,
    1,
    1,
    1,
    1,
    1,
    1,
    1,
    1,
    1,
    1,
    1,
    1,
    1,
    1,
    1,
    1,
    1,
    1,
    1,
    1,
    1,
    1,
    1,
    1,
    1,
    1,
    1,
    1,
    1,
    1,
    1,
    1,
    1,
    1,
    1,
    1,
    1,
    1,
    1,
    1,
    1,
    1,
    1,
    1,
    1,
    1,
    1,
    1,
    1,
    1,
    1,
    1,
    1,
    1,
    2
  ],
  "y_pred": [
    0,
    0,
    0,
    0,
    0,
    0,
    0,
    0,
    0,
    0,
    1,
    2,
    2,
    2,
    2,
    2,
    2,
    2,
    2,
    2,
    2,
    2,
    2,
    2,
    2,
    2,
    2,
    2,
    2,
    2,
    2,
    2,
    1,
    1,
    1,
    1,
    1,
    1,
    1,
    1,
    1,
    1,
    1,
    1,
    1,
    1,
    1,
    1,
    1,
    1,
    1,
    1,
    1,
    1,
    1,
    1,
    1,
    1,
    1,
    1,
    1,
    1,
    1,
    1,
    1,
    1,
    1,
    1,
    1,
    1,
    1,
    1,
    1,
    1,
    1,
    1,
    1,
    1,
    1,
    1,
    1,
    1,
    1,
    1,
    1,
    1,
    1,
    1,
    1,
    1,
    1,
    1,
    1,
    1,
    1,
    1,
    1,
    1,
    1,
    1,
    1,
    1,
    1,
    1,
    1,
    1,
    1,
    1,
    1,
    1,
    1,
    1,
    1,
    1,
    1,
    1,
    1,
    1,
    1,
    1,
    1,
    1,
    1,
    1,
    1,
    1,
    1,
    1,
    1,
    1,
    1,
    1,
    1,
    1,
    1,
    1,
    1,
    1,
    1,
    1,
    1,
    1,
    1,
    2
  ],
  "meta_feature_importance": {
    "weight": {
      "bilstm_1s": 0.0,
      "bilstm_5s": 0.0,
      "bilstm_15s": 99.65034965034964,
      "spatial": 0.34965034965034963,
      "xgb_tabular": 0.0
    },
    "gain": {
      "bilstm_1s": 0.0,
      "bilstm_5s": 0.0,
      "bilstm_15s": 99.94296335641124,
      "spatial": 0.05703664358875764,
      "xgb_tabular": 0.0
    },
    "cover": {
      "bilstm_1s": 0.0,
      "bilstm_5s": 0.0,
      "bilstm_15s": 99.27690392700185,
      "spatial": 0.7230960729981539,
      "xgb_tabular": 0.0
    },
    "total_gain": {
      "bilstm_1s": 0.0,
      "bilstm_5s": 0.0,
      "bilstm_15s": 99.99768852803005,
      "spatial": 0.002311471969953716,
      "xgb_tabular": 0.0
    },
    "total_cover": {
      "bilstm_1s": 0.0,
      "bilstm_5s": 0.0,
      "bilstm_15s": 99.9654124407474,
      "spatial": 0.034587559252598,
      "xgb_tabular": 0.0
    }
  },
  "ablation": {
    "xgb_only": 1.0,
    "bilstm_1_only": 0.8888888955116272,
    "bilstm_5_only": 0.9700854420661926,
    "bilstm_15_only": 0.9938271641731262,
    "multiscale_bilstm_only": 1.0,
    "multiscale_bilstm_plus_knn": 1.0,
    "full_detector": 0.9930555555555556
  },
  "knn_sensitivity": {
    "k=3": {
      "accuracy": 0.9930555555555556,
      "graph_density": 0.018633540372670808
    },
    "k=5": {
      "accuracy": 0.9930555555555556,
      "graph_density": 0.031055900621118012
    },
    "k=7": {
      "accuracy": 0.9930555555555556,
      "graph_density": 0.043478260869565216
    },
    "k=10": {
      "accuracy": 0.9930555555555556,
      "graph_density": 0.062111801242236024
    }
  }
}