{
  "seed": 2024,
  "target_speed": 25,
  "accuracy": 1.0,
  "precision_macro": 1.0,
  "recall_macro": 1.0,
  "f1_macro": 1.0,
  "precision_per_class": [
    1.0,
    1.0,
    0.0
  ],
  "recall_per_class": [
    1.0,
    1.0,
    0.0
  ],
  "f1_per_class": [
    1.0,
    1.0,
    0.0
  ],
  "confusion_matrix": [
    [
      34,
      0,
      0
    ],
    [
      0,
      82,
      0
    ],
    [
      0,
      0,
      0
    ]
  ],
  "single_scale_acc": {
    "1s": 0.931034505367279,
    "5s": 0.9661017060279846,
    "15s": 1.0
  },
  "xgb_only_acc": 1.0,
  "y_true": [
    0,
    0,
    0,
    0,
    0,
    0,
    0,
    0,
    0,
    0,
    0,
    0,
    0,
    0,
    0,
    0,
    0,
    1,
    1,
    1,
    1,
    1,
    1,
    1,
    1,
    1,
    1,
    1,
    1,
    1,
    1,
    1,
    1,
    1,
    1,
    1,
    1,
    1,
    1,
    1,
    1,
    1,
    1,
    1,
    1,
    1,
    1,
    1,
    1,
    1,
    1,
    1,
    1,
    1,
    1,
    1,
    1,
    1,
    1,
    0,
    0,
    0,
    0,
    0,
    0,
    0,
    0,
    0,
    0,
    0,
    0,
    0,
    0,
    0,
    0,
    0,
    1,
    1,
    1,
    1,
    1,
    1,
    1,
    1,
    1,
    1,
    1,
    1,
    1,
    1,
    1,
    1,
    1,
    1,
    1,
    1,
    1,
    1,
    1,
    1,
    1,
    1,
    1,
    1,
    1,
    1,
    1,
    1,
    1,
    1,
    1,
    1,
    1,
    1,
    1,
    1
  ],
  "y_pred": [
    0,
    0,
    0,
    0,
    0,
    0,
    0,
    0,
    0,
    0,
    0,
    0,
    0,
    0,
    0,
    0,
    0,
    1,
    1,
    1,
    1,
    1,
    1,
    1,
    1,
    1,
    1,
    1,
    1,
    1,
    1,
    1,
    1,
    1,
    1,
    1,
    1,
    1,
    1,
    1,
    1,
    1,
    1,
    1,
    1,
    1,
    1,
    1,
    1,
    1,
    1,
    1,
    1,
    1,
    1,
    1,
    1,
    1,
    1,
    0,
    0,
    0,
    0,
    0,
    0,
    0,
    0,
    0,
    0,
    0,
    0,
    0,
    0,
    0,
    0,
    0,
    1,
    1,
    1,
    1,
    1,
    1,
    1,
    1,
    1,
    1,
    1,
    1,
    1,
    1,
    1,
    1,
    1,
    1,
    1,
    1,
    1,
    1,
    1,
    1,
    1,
    1,
    1,
    1,
    1,
    1,
    1,
    1,
    1,
    1,
    1,
    1,
    1,
    1,
    1,
    1
  ],
  "ablation": {
    "xgb_only": 1.0,
    "bilstm_1_only": 0.931034505367279,
    "bilstm_5_only": 0.9661017060279846,
    "bilstm_15_only": 1.0,
    "multiscale_bilstm_only": 1.0,
    "multiscale_bilstm_plus_knn": 1.0,
    "full_detector": 1.0
  },
  "knn_sensitivity": {
    "k=3": {
      "accuracy": 1.0,
      "graph_density": 0.025210084033613446
    },
    "k=5": {
      "accuracy": 1.0,
      "graph_density": 0.04201680672268908
    },
    "k=7": {
      "accuracy": 1.0,
      "graph_density": 0.058823529411764705
    },
    "k=10": {
      "accuracy": 1.0,
      "graph_density": 0.08403361344537816
    }
  }
}