{
  "seed": 55,
  "target_speed": 25,
  "accuracy": 0.9949494949494949,
  "precision_macro": 0.9927536231884058,
  "recall_macro": 0.9948717948717949,
  "f1_macro": 0.993753017008831,
  "precision_per_class": [
    0.9782608695652174,
    1.0,
    1.0
  ],
  "recall_per_class": [
    1.0,
    1.0,
    0.9846153846153847
  ],
  "f1_per_class": [
    0.989010989010989,
    1.0,
    0.9922480620155039
  ],
  "confusion_matrix": [
    [
      45,
      0,
      0
    ],
    [
      0,
      88,
      0
    ],
    [
      1,
      0,
      64
    ]
  ],
  "single_scale_acc": {
    "1s": 0.9292929172515869,
    "5s": 0.9658703207969666,
    "15s": 0.9949495196342468
  },
  "xgb_only_acc": 1.0,
  "y_true": [
    1,
    1,
    1,
    1,
    1,
    1,
    1,
    1,
    1,
    1,
    1,
    1,
    1,
    1,
    1,
    1,
    1,
    1,
    1,
    1,
    1,
    1,
    1,
    0,
    0,
    0,
    0,
    0,
    0,
    0,
    0,
    0,
    0,
    0,
    0,
    0,
    0,
    0,
    0,
    0,
    0,
    2,
    2,
    2,
    2,
    2,
    2,
    2,
    2,
    2,
    2,
    2,
    2,
    2,
    2,
    2,
    2,
    2,
    2,
    2,
    2,
    2,
    2,
    2,
    0,
    0,
    0,
    0,
    0,
    0,
    0,
    0,
    0,
    0,
    0,
    0,
    1,
    1,
    1,
    1,
    1,
    1,
    1,
    1,
    1,
    1,
    1,
    1,
    1,
    1,
    1,
    1,
    1,
    1,
    2,
    2,
    2,
    2,
    2,
    2,
    2,
    2,
    2,
    2,
    2,
    2,
    2,
    2,
    2,
    2,
    2,
    2,
    2,
    2,
    2,
    2,
    0,
    0,
    0,
    0,
    0,
    0,
    0,
    0,
    0,
    0,
    0,
    0,
    0,
    0,
    0,
    2,
    2,
    2,
    2,
    2,
    2,
    2,
    2,
    2,
    2,
    2,
    2,
    2,
    2,
    2,
    2,
    2,
    2,
    2,
    2,
    1,
    1,
    1,
    1,
    1,
    1,
    1,
    1,
    1,
    1,
    1,
    1,
    1,
    1,
    1,
    1,
    1,
    1,
    1,
    1,
    1,
    1,
    1,
    1,
    1,
    1,
    1,
    1,
    1,
    1,
    1,
    1,
    1,
    1,
    1,
    1,
    1,
    1,
    1,
    1,
    1,
    1,
    1,
    1,
    1,
    1,
    1
  ],
  "y_pred": [
    1,
    1,
    1,
    1,
    1,
    1,
    1,
    1,
    1,
    1,
    1,
    1,
    1,
    1,
    1,
    1,
    1,
    1,
    1,
    1,
    1,
    1,
    1,
    0,
    0,
    0,
    0,
    0,
    0,
    0,
    0,
    0,
    0,
    0,
    0,
    0,
    0,
    0,
    0,
    0,
    0,
    2,
    2,
    2,
    2,
    2,
    2,
    2,
    2,
    2,
    2,
    2,
    2,
    2,
    2,
    2,
    2,
    2,
    2,
    2,
    2,
    2,
    0,
    2,
    0,
    0,
    0,
    0,
    0,
    0,
    0,
    0,
    0,
    0,
    0,
    0,
    1,
    1,
    1,
    1,
    1,
    1,
    1,
    1,
    1,
    1,
    1,
    1,
    1,
    1,
    1,
    1,
    1,
    1,
    2,
    2,
    2,
    2,
    2,
    2,
    2,
    2,
    2,
    2,
    2,
    2,
    2,
    2,
    2,
    2,
    2,
    2,
    2,
    2,
    2,
    2,
    0,
    0,
    0,
    0,
    0,
    0,
    0,
    0,
    0,
    0,
    0,
    0,
    0,
    0,
    0,
    2,
    2,
    2,
    2,
    2,
    2,
    2,
    2,
    2,
    2,
    2,
    2,
    2,
    2,
    2,
    2,
    2,
    2,
    2,
    2,
    1,
    1,
    1,
    1,
    1,
    1,
    1,
    1,
    1,
    1,
    1,
    1,
    1,
    1,
    1,
    1,
    1,
    1,
    1,
    1,
    1,
    1,
    1,
    1,
    1,
    1,
    1,
    1,
    1,
    1,
    1,
    1,
    1,
    1,
    1,
    1,
    1,
    1,
    1,
    1,
    1,
    1,
    1,
    1,
    1,
    1,
    1
  ],
  "meta_feature_importance": {
    "weight": {
      "bilstm_1s": 0.0,
      "bilstm_5s": 0.0,
      "bilstm_15s": 99.2619926199262,
      "spatial": 0.0,
      "xgb_tabular": 0.7380073800738007
    },
    "gain": {
      "bilstm_1s": 0.0,
      "bilstm_5s": 0.0,
      "bilstm_15s": 99.2925705498545,
      "spatial": 0.0,
      "xgb_tabular": 0.7074294501455073
    },
    "cover": {
      "bilstm_1s": 0.0,
      "bilstm_5s": 0.0,
      "bilstm_15s": 98.12249032019795,
      "spatial": 0.0,
      "xgb_tabular": 1.8775096798020425
    },
    "total_gain": {
      "bilstm_1s": 0.0,
      "bilstm_5s": 0.0,
      "bilstm_15s": 99.97006808911735,
      "spatial": 0.0,
      "xgb_tabular": 0.02993191088265255
    },
    "total_cover": {
      "bilstm_1s": 0.0,
      "bilstm_5s": 0.0,
      "bilstm_15s": 99.91163890873108,
      "spatial": 0.0,
      "xgb_tabular": 0.08836109126893399
    }
  },
  "ablation": {
    "xgb_only": 1.0,
    "bilstm_1_only": 0.9292929172515869,
    "bilstm_5_only": 0.9658703207969666,
    "bilstm_15_only": 0.9949495196342468,
    "multiscale_bilstm_only": 0.9949494949494949,
    "multiscale_bilstm_plus_knn": 0.9848484848484849,
    "full_detector": 0.9949494949494949
  },
  "knn_sensitivity": {
    "k=3": {
      "accuracy": 0.9949494949494949,
      "graph_density": 0.015228426395939087
    },
    "k=5": {
      "accuracy": 0.9949494949494949,
      "graph_density": 0.025380710659898477
    },
    "k=7": {
      "accuracy": 0.9949494949494949,
      "graph_density": 0.03553299492385787
    },
    "k=10": {
      "accuracy": 0.9949494949494949,
      "graph_density": 0.050761421319796954
    }
  }
}