{
  "seed": 42,
  "target_speed": 25,
  "accuracy": 0.9712643678160919,
  "precision_macro": 0.9666666666666667,
  "recall_macro": 0.9722222222222222,
  "f1_macro": 0.9679633867276888,
  "precision_per_class": [
    0.9,
    1.0,
    1.0
  ],
  "recall_per_class": [
    1.0,
    1.0,
    0.9166666666666666
  ],
  "f1_per_class": [
    0.9473684210526315,
    1.0,
    0.9565217391304348
  ],
  "confusion_matrix": [
    [
      45,
      0,
      0
    ],
    [
      0,
      69,
      0
    ],
    [
      5,
      0,
      55
    ]
  ],
  "single_scale_acc": {
    "1s": 0.8977272510528564,
    "5s": 0.9545454382896423,
    "15s": 0.9885057210922241
  },
  "xgb_only_acc": 1.0,
  "y_true": [
    1,
    1,
    1,
    1,
    1,
    1,
    1,
    1,
    1,
    1,
    1,
    1,
    1,
    1,
    1,
    1,
    1,
    1,
    1,
    1,
    1,
    1,
    1,
    1,
    2,
    2,
    2,
    2,
    2,
    2,
    2,
    2,
    2,
    2,
    2,
    2,
    2,
    2,
    2,
    2,
    2,
    2,
    2,
    2,
    2,
    2,
    2,
    0,
    0,
    0,
    0,
    0,
    0,
    0,
    0,
    0,
    0,
    2,
    2,
    2,
    2,
    2,
    2,
    2,
    2,
    2,
    2,
    2,
    2,
    2,
    2,
    2,
    2,
    1,
    1,
    1,
    1,
    1,
    1,
    1,
    1,
    1,
    1,
    1,
    1,
    1,
    1,
    1,
    1,
    1,
    1,
    1,
    1,
    1,
    1,
    2,
    2,
    2,
    2,
    2,
    2,
    2,
    2,
    2,
    2,
    2,
    2,
    2,
    2,
    2,
    2,
    2,
    2,
    2,
    2,
    2,
    0,
    0,
    0,
    0,
    0,
    0,
    0,
    0,
    0,
    0,
    0,
    0,
    0,
    0,
    0,
    0,
    0,
    1,
    1,
    1,
    1,
    1,
    1,
    1,
    1,
    1,
    1,
    1,
    1,
    1,
    1,
    1,
    1,
    1,
    1,
    1,
    1,
    1,
    1,
    1,
    0,
    0,
    0,
    0,
    0,
    0,
    0,
    0,
    0,
    0,
    0,
    0,
    0,
    0,
    0,
    0,
    0,
    0
  ],
  "y_pred": [
    1,
    1,
    1,
    1,
    1,
    1,
    1,
    1,
    1,
    1,
    1,
    1,
    1,
    1,
    1,
    1,
    1,
    1,
    1,
    1,
    1,
    1,
    1,
    1,
    2,
    2,
    2,
    2,
    2,
    2,
    2,
    2,
    2,
    2,
    2,
    2,
    2,
    2,
    2,
    2,
    2,
    2,
    2,
    2,
    0,
    0,
    0,
    0,
    0,
    0,
    0,
    0,
    0,
    0,
    0,
    0,
    0,
    2,
    2,
    2,
    2,
    2,
    2,
    2,
    2,
    2,
    2,
    2,
    2,
    2,
    2,
    2,
    2,
    1,
    1,
    1,
    1,
    1,
    1,
    1,
    1,
    1,
    1,
    1,
    1,
    1,
    1,
    1,
    1,
    1,
    1,
    1,
    1,
    1,
    1,
    0,
    0,
    2,
    2,
    2,
    2,
    2,
    2,
    2,
    2,
    2,
    2,
    2,
    2,
    2,
    2,
    2,
    2,
    2,
    2,
    2,
    0,
    0,
    0,
    0,
    0,
    0,
    0,
    0,
    0,
    0,
    0,
    0,
    0,
    0,
    0,
    0,
    0,
    1,
    1,
    1,
    1,
    1,
    1,
    1,
    1,
    1,
    1,
    1,
    1,
    1,
    1,
    1,
    1,
    1,
    1,
    1,
    1,
    1,
    1,
    1,
    0,
    0,
    0,
    0,
    0,
    0,
    0,
    0,
    0,
    0,
    0,
    0,
    0,
    0,
    0,
    0,
    0,
    0
  ],
  "meta_feature_importance": {
    "weight": {
      "bilstm_1s": 0.0,
      "bilstm_5s": 0.0,
      "bilstm_15s": 99.28057553956835,
      "spatial": 0.0,
      "xgb_tabular": 0.7194244604316548
    },
    "gain": {
      "bilstm_1s": 0.0,
      "bilstm_5s": 0.0,
      "bilstm_15s": 99.55460603200045,
      "spatial": 0.0,
      "xgb_tabular": 0.4453939679995482
    },
    "cover": {
      "bilstm_1s": 0.0,
      "bilstm_5s": 0.0,
      "bilstm_15s": 98.80614699004883,
      "spatial": 0.0,
      "xgb_tabular": 1.193853009951169
    },
    "total_gain": {
      "bilstm_1s": 0.0,
      "bilstm_5s": 0.0,
      "bilstm_15s": 99.97414878651077,
      "spatial": 0.0,
      "xgb_tabular": 0.02585121348923919
    },
    "total_cover": {
      "bilstm_1s": 0.0,
      "bilstm_5s": 0.0,
      "bilstm_15s": 99.92156428666232,
      "spatial": 0.0,
      "xgb_tabular": 0.07843571333768598
    }
  },
  "ablation": {
    "xgb_only": 1.0,
    "bilstm_1_only": 0.8977272510528564,
    "bilstm_5_only": 0.9545454382896423,
    "bilstm_15_only": 0.9885057210922241,
    "multiscale_bilstm_only": 0.9712643678160919,
    "multiscale_bilstm_plus_knn": 0.9712643678160919,
    "full_detector": 0.9712643678160919
  },
  "knn_sensitivity": {
    "k=3": {
      "accuracy": 0.9712643678160919,
      "graph_density": 0.017341040462427744
    },
    "k=5": {
      "accuracy": 0.9712643678160919,
      "graph_density": 0.028901734104046242
    },
    "k=7": {
      "accuracy": 0.9712643678160919,
      "graph_density": 0.04046242774566474
    },
    "k=10": {
      "accuracy": 0.9712643678160919,
      "graph_density": 0.057803468208092484
    }
  }
}