{
  "seed": 777,
  "target_speed": 25,
  "accuracy": 1.0,
  "precision_macro": 1.0,
  "recall_macro": 1.0,
  "f1_macro": 1.0,
  "precision_per_class": [
    1.0,
    1.0,
    1.0
  ],
  "recall_per_class": [
    1.0,
    1.0,
    1.0
  ],
  "f1_per_class": [
    1.0,
    1.0,
    1.0
  ],
  "confusion_matrix": [
    [
      66,
      0,
      0
    ],
    [
      0,
      44,
      0
    ],
    [
      0,
      0,
      44
    ]
  ],
  "single_scale_acc": {
    "1s": 0.948051929473877,
    "5s": 0.9591836929321289,
    "15s": 1.0
  },
  "xgb_only_acc": 1.0,
  "y_true": [
    0,
    0,
    0,
    0,
    0,
    0,
    0,
    0,
    0,
    0,
    0,
    0,
    0,
    0,
    0,
    0,
    0,
    0,
    0,
    0,
    0,
    0,
    0,
    0,
    0,
    0,
    0,
    0,
    0,
    0,
    0,
    0,
    0,
    0,
    0,
    0,
    0,
    0,
    0,
    2,
    2,
    2,
    2,
    2,
    2,
    2,
    2,
    2,
    2,
    2,
    2,
    2,
    2,
    2,
    2,
    2,
    2,
    2,
    2,
    2,
    2,
    1,
    1,
    1,
    1,
    1,
    1,
    1,
    1,
    1,
    1,
    1,
    1,
    1,
    1,
    1,
    1,
    1,
    1,
    1,
    1,
    1,
    1,
    1,
    1,
    2,
    2,
    2,
    2,
    2,
    2,
    2,
    2,
    2,
    2,
    2,
    2,
    2,
    2,
    2,
    2,
    2,
    2,
    2,
    2,
    2,
    2,
    0,
    0,
    0,
    0,
    0,
    0,
    0,
    0,
    0,
    0,
    0,
    0,
    0,
    0,
    1,
    1,
    1,
    1,
    1,
    1,
    1,
    1,
    1,
    1,
    1,
    1,
    1,
    1,
    1,
    1,
    1,
    1,
    1,
    1,
    0,
    0,
    0,
    0,
    0,
    0,
    0,
    0,
    0,
    0,
    0,
    0,
    0
  ],
  "y_pred": [
    0,
    0,
    0,
    0,
    0,
    0,
    0,
    0,
    0,
    0,
    0,
    0,
    0,
    0,
    0,
    0,
    0,
    0,
    0,
    0,
    0,
    0,
    0,
    0,
    0,
    0,
    0,
    0,
    0,
    0,
    0,
    0,
    0,
    0,
    0,
    0,
    0,
    0,
    0,
    2,
    2,
    2,
    2,
    2,
    2,
    2,
    2,
    2,
    2,
    2,
    2,
    2,
    2,
    2,
    2,
    2,
    2,
    2,
    2,
    2,
    2,
    1,
    1,
    1,
    1,
    1,
    1,
    1,
    1,
    1,
    1,
    1,
    1,
    1,
    1,
    1,
    1,
    1,
    1,
    1,
    1,
    1,
    1,
    1,
    1,
    2,
    2,
    2,
    2,
    2,
    2,
    2,
    2,
    2,
    2,
    2,
    2,
    2,
    2,
    2,
    2,
    2,
    2,
    2,
    2,
    2,
    2,
    0,
    0,
    0,
    0,
    0,
    0,
    0,
    0,
    0,
    0,
    0,
    0,
    0,
    0,
    1,
    1,
    1,
    1,
    1,
    1,
    1,
    1,
    1,
    1,
    1,
    1,
    1,
    1,
    1,
    1,
    1,
    1,
    1,
    1,
    0,
    0,
    0,
    0,
    0,
    0,
    0,
    0,
    0,
    0,
    0,
    0,
    0
  ],
  "meta_feature_importance": {
    "weight": {
      "bilstm_1s": 0.0,
      "bilstm_5s": 0.0,
      "bilstm_15s": 100.0,
      "spatial": 0.0,
      "xgb_tabular": 0.0
    },
    "gain": {
      "bilstm_1s": 0.0,
      "bilstm_5s": 0.0,
      "bilstm_15s": 100.0,
      "spatial": 0.0,
      "xgb_tabular": 0.0
    },
    "cover": {
      "bilstm_1s": 0.0,
      "bilstm_5s": 0.0,
      "bilstm_15s": 100.0,
      "spatial": 0.0,
      "xgb_tabular": 0.0
    },
    "total_gain": {
      "bilstm_1s": 0.0,
      "bilstm_5s": 0.0,
      "bilstm_15s": 100.0,
      "spatial": 0.0,
      "xgb_tabular": 0.0
    },
    "total_cover": {
      "bilstm_1s": 0.0,
      "bilstm_5s": 0.0,
      "bilstm_15s": 100.0,
      "spatial": 0.0,
      "xgb_tabular": 0.0
    }
  },
  "ablation": {
    "xgb_only": 1.0,
    "bilstm_1_only": 0.948051929473877,
    "bilstm_5_only": 0.9591836929321289,
    "bilstm_15_only": 1.0,
    "multiscale_bilstm_only": 1.0,
    "multiscale_bilstm_plus_knn": 1.0,
    "full_detector": 1.0
  },
  "knn_sensitivity": {
    "k=3": {
      "accuracy": 1.0,
      "graph_density": 0.0189873417721519
    },
    "k=5": {
      "accuracy": 1.0,
      "graph_density": 0.03164556962025317
    },
    "k=7": {
      "accuracy": 1.0,
      "graph_density": 0.04430379746835443
    },
    "k=10": {
      "accuracy": 1.0,
      "graph_density": 0.06329113924050633
    }
  }
}