{
  "seed": 789,
  "target_speed": 25,
  "accuracy": 0.9743589743589743,
  "precision_macro": 0.9333333333333333,
  "recall_macro": 0.9846153846153847,
  "f1_macro": 0.9564732142857143,
  "precision_per_class": [
    0.0,
    0.8666666666666667,
    1.0
  ],
  "recall_per_class": [
    0.0,
    1.0,
    0.9692307692307692
  ],
  "f1_per_class": [
    0.0,
    0.9285714285714286,
    0.984375
  ],
  "confusion_matrix": [
    [
      0,
      0,
      0
    ],
    [
      0,
      13,
      0
    ],
    [
      0,
      2,
      63
    ]
  ],
  "single_scale_acc": {
    "1s": 0.9102563858032227,
    "5s": 0.9527559280395508,
    "15s": 0.9887640476226807
  },
  "xgb_only_acc": 1.0,
  "y_true": [
    2,
    2,
    2,
    2,
    2,
    2,
    2,
    2,
    2,
    2,
    2,
    2,
    2,
    2,
    2,
    2,
    2,
    2,
    2,
    2,
    2,
    2,
    2,
    2,
    2,
    2,
    2,
    2,
    2,
    2,
    2,
    2,
    2,
    2,
    2,
    2,
    2,
    2,
    2,
    2,
    2,
    2,
    2,
    2,
    2,
    2,
    2,
    2,
    2,
    2,
    2,
    2,
    2,
    2,
    2,
    2,
    2,
    2,
    2,
    2,
    2,
    2,
    2,
    2,
    2,
    1,
    1,
    1,
    1,
    1,
    1,
    1,
    1,
    1,
    1,
    1,
    1,
    1
  ],
  "y_pred": [
    2,
    2,
    2,
    2,
    2,
    2,
    2,
    2,
    2,
    2,
    2,
    2,
    2,
    2,
    2,
    2,
    2,
    2,
    2,
    2,
    2,
    2,
    1,
    1,
    2,
    2,
    2,
    2,
    2,
    2,
    2,
    2,
    2,
    2,
    2,
    2,
    2,
    2,
    2,
    2,
    2,
    2,
    2,
    2,
    2,
    2,
    2,
    2,
    2,
    2,
    2,
    2,
    2,
    2,
    2,
    2,
    2,
    2,
    2,
    2,
    2,
    2,
    2,
    2,
    2,
    1,
    1,
    1,
    1,
    1,
    1,
    1,
    1,
    1,
    1,
    1,
    1,
    1
  ],
  "meta_feature_importance": {
    "weight": {
      "bilstm_1s": 0.0,
      "bilstm_5s": 0.0,
      "bilstm_15s": 100.0,
      "spatial": 0.0,
      "xgb_tabular": 0.0
    },
    "gain": {
      "bilstm_1s": 0.0,
      "bilstm_5s": 0.0,
      "bilstm_15s": 100.0,
      "spatial": 0.0,
      "xgb_tabular": 0.0
    },
    "cover": {
      "bilstm_1s": 0.0,
      "bilstm_5s": 0.0,
      "bilstm_15s": 100.0,
      "spatial": 0.0,
      "xgb_tabular": 0.0
    },
    "total_gain": {
      "bilstm_1s": 0.0,
      "bilstm_5s": 0.0,
      "bilstm_15s": 100.0,
      "spatial": 0.0,
      "xgb_tabular": 0.0
    },
    "total_cover": {
      "bilstm_1s": 0.0,
      "bilstm_5s": 0.0,
      "bilstm_15s": 100.0,
      "spatial": 0.0,
      "xgb_tabular": 0.0
    }
  },
  "ablation": {
    "xgb_only": 1.0,
    "bilstm_1_only": 0.9102563858032227,
    "bilstm_5_only": 0.9527559280395508,
    "bilstm_15_only": 0.9887640476226807,
    "multiscale_bilstm_only": 0.9743589743589743,
    "multiscale_bilstm_plus_knn": 0.9743589743589743,
    "full_detector": 0.9743589743589743
  },
  "knn_sensitivity": {
    "k=3": {
      "accuracy": 0.9743589743589743,
      "graph_density": 0.03409090909090909
    },
    "k=5": {
      "accuracy": 0.9743589743589743,
      "graph_density": 0.056818181818181816
    },
    "k=7": {
      "accuracy": 0.9743589743589743,
      "graph_density": 0.07954545454545454
    },
    "k=10": {
      "accuracy": 0.9743589743589743,
      "graph_density": 0.11363636363636363
    }
  }
}