{
  "seed": 123,
  "target_speed": 25,
  "accuracy": 0.992,
  "precision_macro": 0.9935897435897436,
  "recall_macro": 0.9929078014184397,
  "f1_macro": 0.9931795246546264,
  "precision_per_class": [
    1.0,
    1.0,
    0.9807692307692307
  ],
  "recall_per_class": [
    1.0,
    0.9787234042553191,
    1.0
  ],
  "f1_per_class": [
    1.0,
    0.989247311827957,
    0.9902912621359223
  ],
  "confusion_matrix": [
    [
      27,
      0,
      0
    ],
    [
      0,
      46,
      1
    ],
    [
      0,
      0,
      51
    ]
  ],
  "single_scale_acc": {
    "1s": 0.9039999842643738,
    "5s": 0.9597989916801453,
    "15s": 0.9925373196601868
  },
  "xgb_only_acc": 1.0,
  "y_true": [
    1,
    1,
    1,
    1,
    1,
    1,
    1,
    1,
    1,
    1,
    1,
    1,
    1,
    1,
    1,
    1,
    1,
    1,
    1,
    1,
    1,
    1,
    1,
    1,
    0,
    0,
    0,
    0,
    0,
    0,
    0,
    0,
    0,
    0,
    1,
    1,
    1,
    1,
    1,
    1,
    1,
    1,
    1,
    1,
    1,
    1,
    1,
    1,
    1,
    1,
    1,
    1,
    1,
    1,
    1,
    1,
    1,
    2,
    2,
    2,
    2,
    2,
    2,
    2,
    2,
    2,
    2,
    2,
    2,
    2,
    2,
    2,
    2,
    0,
    0,
    0,
    0,
    0,
    0,
    0,
    0,
    0,
    0,
    0,
    0,
    0,
    0,
    0,
    0,
    0,
    2,
    2,
    2,
    2,
    2,
    2,
    2,
    2,
    2,
    2,
    2,
    2,
    2,
    2,
    2,
    2,
    2,
    2,
    2,
    2,
    2,
    2,
    2,
    2,
    2,
    2,
    2,
    2,
    2,
    2,
    2,
    2,
    2,
    2,
    2
  ],
  "y_pred": [
    1,
    1,
    1,
    1,
    1,
    1,
    1,
    1,
    1,
    1,
    1,
    1,
    1,
    1,
    1,
    1,
    1,
    1,
    1,
    1,
    1,
    1,
    1,
    1,
    0,
    0,
    0,
    0,
    0,
    0,
    0,
    0,
    0,
    0,
    2,
    1,
    1,
    1,
    1,
    1,
    1,
    1,
    1,
    1,
    1,
    1,
    1,
    1,
    1,
    1,
    1,
    1,
    1,
    1,
    1,
    1,
    1,
    2,
    2,
    2,
    2,
    2,
    2,
    2,
    2,
    2,
    2,
    2,
    2,
    2,
    2,
    2,
    2,
    0,
    0,
    0,
    0,
    0,
    0,
    0,
    0,
    0,
    0,
    0,
    0,
    0,
    0,
    0,
    0,
    0,
    2,
    2,
    2,
    2,
    2,
    2,
    2,
    2,
    2,
    2,
    2,
    2,
    2,
    2,
    2,
    2,
    2,
    2,
    2,
    2,
    2,
    2,
    2,
    2,
    2,
    2,
    2,
    2,
    2,
    2,
    2,
    2,
    2,
    2,
    2
  ],
  "meta_feature_importance": {
    "weight": {
      "bilstm_1s": 0.0,
      "bilstm_5s": 0.0,
      "bilstm_15s": 100.0,
      "spatial": 0.0,
      "xgb_tabular": 0.0
    },
    "gain": {
      "bilstm_1s": 0.0,
      "bilstm_5s": 0.0,
      "bilstm_15s": 100.0,
      "spatial": 0.0,
      "xgb_tabular": 0.0
    },
    "cover": {
      "bilstm_1s": 0.0,
      "bilstm_5s": 0.0,
      "bilstm_15s": 100.0,
      "spatial": 0.0,
      "xgb_tabular": 0.0
    },
    "total_gain": {
      "bilstm_1s": 0.0,
      "bilstm_5s": 0.0,
      "bilstm_15s": 100.0,
      "spatial": 0.0,
      "xgb_tabular": 0.0
    },
    "total_cover": {
      "bilstm_1s": 0.0,
      "bilstm_5s": 0.0,
      "bilstm_15s": 100.0,
      "spatial": 0.0,
      "xgb_tabular": 0.0
    }
  },
  "ablation": {
    "xgb_only": 1.0,
    "bilstm_1_only": 0.9039999842643738,
    "bilstm_5_only": 0.9597989916801453,
    "bilstm_15_only": 0.9925373196601868,
    "multiscale_bilstm_only": 0.992,
    "multiscale_bilstm_plus_knn": 0.992,
    "full_detector": 0.992
  },
  "knn_sensitivity": {
    "k=3": {
      "accuracy": 0.992,
      "graph_density": 0.022556390977443608
    },
    "k=5": {
      "accuracy": 0.992,
      "graph_density": 0.03759398496240601
    },
    "k=7": {
      "accuracy": 0.992,
      "graph_density": 0.05263157894736842
    },
    "k=10": {
      "accuracy": 0.992,
      "graph_density": 0.07518796992481203
    }
  }
}