{
  "seed": 2024,
  "target_speed": 25,
  "accuracy": 0.9827586206896551,
  "precision_macro": 0.6666666666666666,
  "recall_macro": 0.6470588235294118,
  "f1_macro": 0.6565656565656566,
  "precision_per_class": [
    1.0,
    1.0,
    0.0
  ],
  "recall_per_class": [
    0.9411764705882353,
    1.0,
    0.0
  ],
  "f1_per_class": [
    0.9696969696969697,
    1.0,
    0.0
  ],
  "confusion_matrix": [
    [
      32,
      0,
      2
    ],
    [
      0,
      82,
      0
    ],
    [
      0,
      0,
      0
    ]
  ],
  "single_scale_acc": {
    "1s": 0.931034505367279,
    "5s": 0.9717513918876648,
    "15s": 1.0
  },
  "xgb_only_acc": 1.0,
  "y_true": [
    0,
    0,
    0,
    0,
    0,
    0,
    0,
    0,
    0,
    0,
    0,
    0,
    0,
    0,
    0,
    0,
    0,
    1,
    1,
    1,
    1,
    1,
    1,
    1,
    1,
    1,
    1,
    1,
    1,
    1,
    1,
    1,
    1,
    1,
    1,
    1,
    1,
    1,
    1,
    1,
    1,
    1,
    1,
    1,
    1,
    1,
    1,
    1,
    1,
    1,
    1,
    1,
    1,
    1,
    1,
    1,
    1,
    1,
    1,
    0,
    0,
    0,
    0,
    0,
    0,
    0,
    0,
    0,
    0,
    0,
    0,
    0,
    0,
    0,
    0,
    0,
    1,
    1,
    1,
    1,
    1,
    1,
    1,
    1,
    1,
    1,
    1,
    1,
    1,
    1,
    1,
    1,
    1,
    1,
    1,
    1,
    1,
    1,
    1,
    1,
    1,
    1,
    1,
    1,
    1,
    1,
    1,
    1,
    1,
    1,
    1,
    1,
    1,
    1,
    1,
    1
  ],
  "y_pred": [
    0,
    2,
    0,
    0,
    2,
    0,
    0,
    0,
    0,
    0,
    0,
    0,
    0,
    0,
    0,
    0,
    0,
    1,
    1,
    1,
    1,
    1,
    1,
    1,
    1,
    1,
    1,
    1,
    1,
    1,
    1,
    1,
    1,
    1,
    1,
    1,
    1,
    1,
    1,
    1,
    1,
    1,
    1,
    1,
    1,
    1,
    1,
    1,
    1,
    1,
    1,
    1,
    1,
    1,
    1,
    1,
    1,
    1,
    1,
    0,
    0,
    0,
    0,
    0,
    0,
    0,
    0,
    0,
    0,
    0,
    0,
    0,
    0,
    0,
    0,
    0,
    1,
    1,
    1,
    1,
    1,
    1,
    1,
    1,
    1,
    1,
    1,
    1,
    1,
    1,
    1,
    1,
    1,
    1,
    1,
    1,
    1,
    1,
    1,
    1,
    1,
    1,
    1,
    1,
    1,
    1,
    1,
    1,
    1,
    1,
    1,
    1,
    1,
    1,
    1,
    1
  ],
  "meta_feature_importance": {
    "weight": {
      "bilstm_1s": 0.0,
      "bilstm_5s": 0.0,
      "bilstm_15s": 99.64539007092199,
      "spatial": 0.0,
      "xgb_tabular": 0.3546099290780142
    },
    "gain": {
      "bilstm_1s": 0.0,
      "bilstm_5s": 0.0,
      "bilstm_15s": 99.74007268312742,
      "spatial": 0.0,
      "xgb_tabular": 0.25992731687257203
    },
    "cover": {
      "bilstm_1s": 0.0,
      "bilstm_5s": 0.0,
      "bilstm_15s": 99.12503947276942,
      "spatial": 0.0,
      "xgb_tabular": 0.8749605272305823
    },
    "total_gain": {
      "bilstm_1s": 0.0,
      "bilstm_5s": 0.0,
      "bilstm_15s": 99.98795393848397,
      "spatial": 0.0,
      "xgb_tabular": 0.012046061516020655
    },
    "total_cover": {
      "bilstm_1s": 0.0,
      "bilstm_5s": 0.0,
      "bilstm_15s": 99.96318821217362,
      "spatial": 0.0,
      "xgb_tabular": 0.03681178782637035
    }
  },
  "ablation": {
    "xgb_only": 1.0,
    "bilstm_1_only": 0.931034505367279,
    "bilstm_5_only": 0.9717513918876648,
    "bilstm_15_only": 1.0,
    "multiscale_bilstm_only": 0.9827586206896551,
    "multiscale_bilstm_plus_knn": 0.9827586206896551,
    "full_detector": 0.9827586206896551
  },
  "knn_sensitivity": {
    "k=3": {
      "accuracy": 0.9827586206896551,
      "graph_density": 0.025210084033613446
    },
    "k=5": {
      "accuracy": 0.9827586206896551,
      "graph_density": 0.04201680672268908
    },
    "k=7": {
      "accuracy": 0.9827586206896551,
      "graph_density": 0.058823529411764705
    },
    "k=10": {
      "accuracy": 0.9827586206896551,
      "graph_density": 0.08403361344537816
    }
  }
}