{
  "seed": 21,
  "target_speed": 25,
  "accuracy": 1.0,
  "precision_macro": 1.0,
  "recall_macro": 1.0,
  "f1_macro": 1.0,
  "precision_per_class": [
    1.0,
    1.0,
    1.0
  ],
  "recall_per_class": [
    1.0,
    1.0,
    1.0
  ],
  "f1_per_class": [
    1.0,
    1.0,
    1.0
  ],
  "confusion_matrix": [
    [
      44,
      0,
      0
    ],
    [
      0,
      48,
      0
    ],
    [
      0,
      0,
      102
    ]
  ],
  "single_scale_acc": {
    "1s": 0.907216489315033,
    "5s": 0.95333331823349,
    "15s": 0.9950739145278931
  },
  "xgb_only_acc": 1.0,
  "y_true": [
    0,
    0,
    0,
    0,
    0,
    0,
    0,
    0,
    0,
    0,
    0,
    0,
    0,
    0,
    0,
    0,
    0,
    1,
    1,
    1,
    1,
    1,
    1,
    1,
    1,
    1,
    1,
    1,
    1,
    1,
    1,
    1,
    1,
    1,
    1,
    1,
    1,
    1,
    1,
    1,
    1,
    2,
    2,
    2,
    2,
    2,
    2,
    2,
    2,
    2,
    2,
    2,
    2,
    2,
    2,
    2,
    2,
    2,
    2,
    2,
    2,
    2,
    2,
    2,
    0,
    0,
    0,
    0,
    0,
    0,
    0,
    0,
    0,
    0,
    2,
    2,
    2,
    2,
    2,
    2,
    2,
    2,
    2,
    2,
    2,
    2,
    2,
    2,
    2,
    2,
    2,
    2,
    2,
    2,
    2,
    0,
    0,
    0,
    0,
    0,
    0,
    0,
    0,
    0,
    0,
    0,
    0,
    0,
    0,
    0,
    0,
    0,
    2,
    2,
    2,
    2,
    2,
    2,
    2,
    2,
    2,
    2,
    2,
    2,
    2,
    2,
    2,
    2,
    2,
    2,
    2,
    2,
    2,
    2,
    2,
    2,
    2,
    2,
    2,
    2,
    2,
    2,
    2,
    2,
    2,
    2,
    2,
    2,
    2,
    2,
    2,
    2,
    2,
    2,
    2,
    2,
    1,
    1,
    1,
    1,
    1,
    1,
    1,
    1,
    1,
    1,
    1,
    1,
    1,
    1,
    1,
    1,
    1,
    1,
    1,
    1,
    1,
    1,
    1,
    1,
    2,
    2,
    2,
    2,
    2,
    2,
    2,
    2,
    2,
    2,
    2,
    2,
    2,
    2
  ],
  "y_pred": [
    0,
    0,
    0,
    0,
    0,
    0,
    0,
    0,
    0,
    0,
    0,
    0,
    0,
    0,
    0,
    0,
    0,
    1,
    1,
    1,
    1,
    1,
    1,
    1,
    1,
    1,
    1,
    1,
    1,
    1,
    1,
    1,
    1,
    1,
    1,
    1,
    1,
    1,
    1,
    1,
    1,
    2,
    2,
    2,
    2,
    2,
    2,
    2,
    2,
    2,
    2,
    2,
    2,
    2,
    2,
    2,
    2,
    2,
    2,
    2,
    2,
    2,
    2,
    2,
    0,
    0,
    0,
    0,
    0,
    0,
    0,
    0,
    0,
    0,
    2,
    2,
    2,
    2,
    2,
    2,
    2,
    2,
    2,
    2,
    2,
    2,
    2,
    2,
    2,
    2,
    2,
    2,
    2,
    2,
    2,
    0,
    0,
    0,
    0,
    0,
    0,
    0,
    0,
    0,
    0,
    0,
    0,
    0,
    0,
    0,
    0,
    0,
    2,
    2,
    2,
    2,
    2,
    2,
    2,
    2,
    2,
    2,
    2,
    2,
    2,
    2,
    2,
    2,
    2,
    2,
    2,
    2,
    2,
    2,
    2,
    2,
    2,
    2,
    2,
    2,
    2,
    2,
    2,
    2,
    2,
    2,
    2,
    2,
    2,
    2,
    2,
    2,
    2,
    2,
    2,
    2,
    1,
    1,
    1,
    1,
    1,
    1,
    1,
    1,
    1,
    1,
    1,
    1,
    1,
    1,
    1,
    1,
    1,
    1,
    1,
    1,
    1,
    1,
    1,
    1,
    2,
    2,
    2,
    2,
    2,
    2,
    2,
    2,
    2,
    2,
    2,
    2,
    2,
    2
  ],
  "meta_feature_importance": {
    "weight": {
      "bilstm_1s": 0.0,
      "bilstm_5s": 0.0,
      "bilstm_15s": 98.9010989010989,
      "spatial": 0.0,
      "xgb_tabular": 1.098901098901099
    },
    "gain": {
      "bilstm_1s": 0.0,
      "bilstm_5s": 0.0,
      "bilstm_15s": 96.31843301647763,
      "spatial": 0.0,
      "xgb_tabular": 3.6815669835223725
    },
    "cover": {
      "bilstm_1s": 0.0,
      "bilstm_5s": 0.0,
      "bilstm_15s": 94.00145543167955,
      "spatial": 0.0,
      "xgb_tabular": 5.998544568320454
    },
    "total_gain": {
      "bilstm_1s": 0.0,
      "bilstm_5s": 0.0,
      "bilstm_15s": 99.6465366882019,
      "spatial": 0.0,
      "xgb_tabular": 0.35346331179809665
    },
    "total_cover": {
      "bilstm_1s": 0.0,
      "bilstm_5s": 0.0,
      "bilstm_15s": 99.39901592369425,
      "spatial": 0.0,
      "xgb_tabular": 0.6009840763057431
    }
  },
  "ablation": {
    "xgb_only": 1.0,
    "bilstm_1_only": 0.907216489315033,
    "bilstm_5_only": 0.95333331823349,
    "bilstm_15_only": 0.9950739145278931,
    "multiscale_bilstm_only": 1.0,
    "multiscale_bilstm_plus_knn": 1.0,
    "full_detector": 1.0
  },
  "knn_sensitivity": {
    "k=3": {
      "accuracy": 1.0,
      "graph_density": 0.01485148514851485
    },
    "k=5": {
      "accuracy": 1.0,
      "graph_density": 0.024752475247524754
    },
    "k=7": {
      "accuracy": 1.0,
      "graph_density": 0.034653465346534656
    },
    "k=10": {
      "accuracy": 1.0,
      "graph_density": 0.04950495049504951
    }
  }
}