{
  "seed": 444,
  "target_speed": 25,
  "accuracy": 1.0,
  "precision_macro": 1.0,
  "recall_macro": 1.0,
  "f1_macro": 1.0,
  "precision_per_class": [
    1.0,
    1.0,
    0.0
  ],
  "recall_per_class": [
    1.0,
    1.0,
    0.0
  ],
  "f1_per_class": [
    1.0,
    1.0,
    0.0
  ],
  "confusion_matrix": [
    [
      62,
      0,
      0
    ],
    [
      0,
      128,
      0
    ],
    [
      0,
      0,
      0
    ]
  ],
  "single_scale_acc": {
    "1s": 0.9157894849777222,
    "5s": 0.9651567935943604,
    "15s": 1.0
  },
  "xgb_only_acc": 1.0,
  "y_true": [
    1,
    1,
    1,
    1,
    1,
    1,
    1,
    1,
    1,
    1,
    1,
    1,
    1,
    1,
    1,
    1,
    1,
    1,
    1,
    1,
    1,
    1,
    1,
    0,
    0,
    0,
    0,
    0,
    0,
    0,
    0,
    0,
    0,
    0,
    0,
    1,
    1,
    1,
    1,
    1,
    1,
    1,
    1,
    1,
    1,
    1,
    1,
    1,
    1,
    1,
    1,
    1,
    1,
    1,
    1,
    1,
    1,
    1,
    1,
    1,
    1,
    1,
    1,
    1,
    1,
    1,
    1,
    1,
    1,
    1,
    1,
    1,
    1,
    1,
    1,
    0,
    0,
    0,
    0,
    0,
    0,
    0,
    0,
    0,
    0,
    0,
    0,
    0,
    0,
    0,
    0,
    0,
    1,
    1,
    1,
    1,
    1,
    1,
    1,
    1,
    1,
    1,
    1,
    1,
    1,
    1,
    1,
    1,
    1,
    1,
    1,
    1,
    1,
    1,
    1,
    1,
    1,
    1,
    1,
    1,
    1,
    1,
    1,
    1,
    1,
    1,
    1,
    1,
    1,
    1,
    1,
    1,
    1,
    1,
    1,
    1,
    1,
    0,
    0,
    0,
    0,
    0,
    0,
    0,
    0,
    0,
    0,
    0,
    0,
    0,
    0,
    0,
    0,
    0,
    1,
    1,
    1,
    1,
    1,
    1,
    1,
    1,
    1,
    1,
    1,
    1,
    1,
    1,
    1,
    1,
    1,
    1,
    1,
    1,
    0,
    0,
    0,
    0,
    0,
    0,
    0,
    0,
    0,
    0,
    0,
    0,
    0,
    0,
    0,
    0
  ],
  "y_pred": [
    1,
    1,
    1,
    1,
    1,
    1,
    1,
    1,
    1,
    1,
    1,
    1,
    1,
    1,
    1,
    1,
    1,
    1,
    1,
    1,
    1,
    1,
    1,
    0,
    0,
    0,
    0,
    0,
    0,
    0,
    0,
    0,
    0,
    0,
    0,
    1,
    1,
    1,
    1,
    1,
    1,
    1,
    1,
    1,
    1,
    1,
    1,
    1,
    1,
    1,
    1,
    1,
    1,
    1,
    1,
    1,
    1,
    1,
    1,
    1,
    1,
    1,
    1,
    1,
    1,
    1,
    1,
    1,
    1,
    1,
    1,
    1,
    1,
    1,
    1,
    0,
    0,
    0,
    0,
    0,
    0,
    0,
    0,
    0,
    0,
    0,
    0,
    0,
    0,
    0,
    0,
    0,
    1,
    1,
    1,
    1,
    1,
    1,
    1,
    1,
    1,
    1,
    1,
    1,
    1,
    1,
    1,
    1,
    1,
    1,
    1,
    1,
    1,
    1,
    1,
    1,
    1,
    1,
    1,
    1,
    1,
    1,
    1,
    1,
    1,
    1,
    1,
    1,
    1,
    1,
    1,
    1,
    1,
    1,
    1,
    1,
    1,
    0,
    0,
    0,
    0,
    0,
    0,
    0,
    0,
    0,
    0,
    0,
    0,
    0,
    0,
    0,
    0,
    0,
    1,
    1,
    1,
    1,
    1,
    1,
    1,
    1,
    1,
    1,
    1,
    1,
    1,
    1,
    1,
    1,
    1,
    1,
    1,
    1,
    0,
    0,
    0,
    0,
    0,
    0,
    0,
    0,
    0,
    0,
    0,
    0,
    0,
    0,
    0,
    0
  ],
  "meta_feature_importance": {
    "weight": {
      "bilstm_1s": 0.0,
      "bilstm_5s": 0.0,
      "bilstm_15s": 100.0,
      "spatial": 0.0,
      "xgb_tabular": 0.0
    },
    "gain": {
      "bilstm_1s": 0.0,
      "bilstm_5s": 0.0,
      "bilstm_15s": 100.0,
      "spatial": 0.0,
      "xgb_tabular": 0.0
    },
    "cover": {
      "bilstm_1s": 0.0,
      "bilstm_5s": 0.0,
      "bilstm_15s": 100.0,
      "spatial": 0.0,
      "xgb_tabular": 0.0
    },
    "total_gain": {
      "bilstm_1s": 0.0,
      "bilstm_5s": 0.0,
      "bilstm_15s": 100.0,
      "spatial": 0.0,
      "xgb_tabular": 0.0
    },
    "total_cover": {
      "bilstm_1s": 0.0,
      "bilstm_5s": 0.0,
      "bilstm_15s": 100.0,
      "spatial": 0.0,
      "xgb_tabular": 0.0
    }
  },
  "ablation": {
    "xgb_only": 1.0,
    "bilstm_1_only": 0.9157894849777222,
    "bilstm_5_only": 0.9651567935943604,
    "bilstm_15_only": 1.0,
    "multiscale_bilstm_only": 1.0,
    "multiscale_bilstm_plus_knn": 1.0,
    "full_detector": 1.0
  },
  "knn_sensitivity": {
    "k=3": {
      "accuracy": 1.0,
      "graph_density": 0.015706806282722512
    },
    "k=5": {
      "accuracy": 1.0,
      "graph_density": 0.02617801047120419
    },
    "k=7": {
      "accuracy": 1.0,
      "graph_density": 0.03664921465968586
    },
    "k=10": {
      "accuracy": 1.0,
      "graph_density": 0.05235602094240838
    }
  }
}