{
  "seed": 7,
  "target_speed": 25,
  "accuracy": 1.0,
  "precision_macro": 1.0,
  "recall_macro": 1.0,
  "f1_macro": 1.0,
  "precision_per_class": [
    1.0,
    1.0,
    1.0
  ],
  "recall_per_class": [
    1.0,
    1.0,
    1.0
  ],
  "f1_per_class": [
    1.0,
    1.0,
    1.0
  ],
  "confusion_matrix": [
    [
      41,
      0,
      0
    ],
    [
      0,
      55,
      0
    ],
    [
      0,
      0,
      86
    ]
  ],
  "single_scale_acc": {
    "1s": 0.8956043720245361,
    "5s": 0.9860140085220337,
    "15s": 1.0
  },
  "xgb_only_acc": 1.0,
  "y_true": [
    2,
    2,
    2,
    2,
    2,
    2,
    2,
    2,
    2,
    2,
    2,
    2,
    2,
    2,
    2,
    2,
    2,
    2,
    2,
    2,
    2,
    2,
    0,
    0,
    0,
    0,
    0,
    0,
    0,
    0,
    0,
    0,
    0,
    0,
    2,
    2,
    2,
    2,
    2,
    2,
    2,
    2,
    2,
    2,
    2,
    2,
    2,
    2,
    2,
    2,
    2,
    2,
    2,
    2,
    2,
    2,
    0,
    0,
    0,
    0,
    0,
    0,
    0,
    0,
    0,
    0,
    0,
    0,
    0,
    0,
    0,
    2,
    2,
    2,
    2,
    2,
    2,
    2,
    2,
    2,
    2,
    2,
    2,
    2,
    2,
    2,
    2,
    2,
    2,
    2,
    2,
    1,
    1,
    1,
    1,
    1,
    1,
    1,
    1,
    1,
    1,
    1,
    1,
    1,
    1,
    1,
    1,
    1,
    1,
    1,
    1,
    1,
    1,
    1,
    2,
    2,
    2,
    2,
    2,
    2,
    2,
    2,
    2,
    2,
    2,
    2,
    2,
    2,
    2,
    2,
    2,
    2,
    2,
    2,
    2,
    2,
    0,
    0,
    0,
    0,
    0,
    0,
    0,
    0,
    0,
    0,
    0,
    0,
    0,
    0,
    1,
    1,
    1,
    1,
    1,
    1,
    1,
    1,
    1,
    1,
    1,
    1,
    1,
    1,
    1,
    1,
    1,
    1,
    1,
    1,
    1,
    1,
    1,
    1,
    1,
    1,
    1,
    1,
    1,
    1,
    1,
    1
  ],
  "y_pred": [
    2,
    2,
    2,
    2,
    2,
    2,
    2,
    2,
    2,
    2,
    2,
    2,
    2,
    2,
    2,
    2,
    2,
    2,
    2,
    2,
    2,
    2,
    0,
    0,
    0,
    0,
    0,
    0,
    0,
    0,
    0,
    0,
    0,
    0,
    2,
    2,
    2,
    2,
    2,
    2,
    2,
    2,
    2,
    2,
    2,
    2,
    2,
    2,
    2,
    2,
    2,
    2,
    2,
    2,
    2,
    2,
    0,
    0,
    0,
    0,
    0,
    0,
    0,
    0,
    0,
    0,
    0,
    0,
    0,
    0,
    0,
    2,
    2,
    2,
    2,
    2,
    2,
    2,
    2,
    2,
    2,
    2,
    2,
    2,
    2,
    2,
    2,
    2,
    2,
    2,
    2,
    1,
    1,
    1,
    1,
    1,
    1,
    1,
    1,
    1,
    1,
    1,
    1,
    1,
    1,
    1,
    1,
    1,
    1,
    1,
    1,
    1,
    1,
    1,
    2,
    2,
    2,
    2,
    2,
    2,
    2,
    2,
    2,
    2,
    2,
    2,
    2,
    2,
    2,
    2,
    2,
    2,
    2,
    2,
    2,
    2,
    0,
    0,
    0,
    0,
    0,
    0,
    0,
    0,
    0,
    0,
    0,
    0,
    0,
    0,
    1,
    1,
    1,
    1,
    1,
    1,
    1,
    1,
    1,
    1,
    1,
    1,
    1,
    1,
    1,
    1,
    1,
    1,
    1,
    1,
    1,
    1,
    1,
    1,
    1,
    1,
    1,
    1,
    1,
    1,
    1,
    1
  ],
  "ablation": {
    "xgb_only": 1.0,
    "bilstm_1_only": 0.8956043720245361,
    "bilstm_5_only": 0.9860140085220337,
    "bilstm_15_only": 1.0,
    "multiscale_bilstm_only": 1.0,
    "multiscale_bilstm_plus_knn": 1.0,
    "full_detector": 1.0
  },
  "knn_sensitivity": {
    "k=3": {
      "accuracy": 1.0,
      "graph_density": 0.015544041450777202
    },
    "k=5": {
      "accuracy": 1.0,
      "graph_density": 0.025906735751295335
    },
    "k=7": {
      "accuracy": 1.0,
      "graph_density": 0.03626943005181347
    },
    "k=10": {
      "accuracy": 1.0,
      "graph_density": 0.05181347150259067
    }
  }
}