{
  "target_speed": 25,
  "n_seeds": 20,
  "seeds": [
    42,
    123,
    456,
    789,
    2024,
    7,
    13,
    21,
    33,
    55,
    77,
    99,
    111,
    222,
    333,
    444,
    555,
    777,
    888,
    999
  ],
  "accuracy_mean": 99.37439574309104,
  "accuracy_std": 0.8490860688860079,
  "precision_mean": 97.57770831033709,
  "precision_std": 7.444083584667773,
  "recall_mean": 97.7381548182542,
  "recall_std": 7.807337950413196,
  "f1_mean": 97.6333981307206,
  "f1_std": 7.6105722754670255,
  "raw_accuracies": [
    0.9712643678160919,
    0.992,
    1.0,
    0.9743589743589743,
    0.9827586206896551,
    1.0,
    0.9933774834437086,
    1.0,
    0.9930555555555556,
    0.9949494949494949,
    0.9933774834437086,
    0.9933333333333333,
    0.9954128440366973,
    1.0,
    1.0,
    1.0,
    1.0,
    1.0,
    0.990990990990991,
    1.0
  ]
}