{
  "baseline": "BERT_WordPiece",
  "seed": 123,
  "target_speed": 15,
  "accuracy": 0.6714285714285714,
  "precision_macro": 0.5192307692307693,
  "recall_macro": 0.6666666666666666,
  "f1_macro": 0.5720164609053499,
  "precision_per_class": [
    1.0,
    0.5576923076923077,
    0.0
  ],
  "recall_per_class": [
    1.0,
    1.0,
    0.0
  ],
  "f1_per_class": [
    1.0,
    0.7160493827160493,
    0.0
  ],
  "confusion_matrix": [
    [
      18,
      0,
      0
    ],
    [
      0,
      29,
      0
    ],
    [
      0,
      23,
      0
    ]
  ],
  "y_true": [
    1,
    1,
    1,
    1,
    1,
    1,
    1,
    1,
    1,
    1,
    1,
    1,
    1,
    1,
    1,
    1,
    1,
    1,
    0,
    0,
    0,
    0,
    0,
    0,
    0,
    0,
    0,
    1,
    1,
    1,
    1,
    1,
    1,
    1,
    1,
    1,
    1,
    1,
    2,
    2,
    2,
    2,
    2,
    2,
    2,
    2,
    2,
    2,
    2,
    2,
    2,
    2,
    2,
    2,
    2,
    2,
    2,
    2,
    2,
    2,
    2,
    0,
    0,
    0,
    0,
    0,
    0,
    0,
    0,
    0
  ],
  "y_pred": [
    1,
    1,
    1,
    1,
    1,
    1,
    1,
    1,
    1,
    1,
    1,
    1,
    1,
    1,
    1,
    1,
    1,
    1,
    0,
    0,
    0,
    0,
    0,
    0,
    0,
    0,
    0,
    1,
    1,
    1,
    1,
    1,
    1,
    1,
    1,
    1,
    1,
    1,
    1,
    1,
    1,
    1,
    1,
    1,
    1,
    1,
    1,
    1,
    1,
    1,
    1,
    1,
    1,
    1,
    1,
    1,
    1,
    1,
    1,
    1,
    1,
    0,
    0,
    0,
    0,
    0,
    0,
    0,
    0,
    0
  ]
}