{
  "config_key": "warmup_lr2e5",
  "label": "Warmup 10% + LR=2e-5",
  "seed": 789,
  "target_speed": 15,
  "accuracy": 0.5757575757575758,
  "precision_macro": 0.5857142857142856,
  "recall_macro": 0.5444444444444444,
  "f1_macro": 0.49782608695652175,
  "precision_per_class": [
    0.0,
    0.5714285714285714,
    0.6
  ],
  "recall_per_class": [
    0.0,
    0.8888888888888888,
    0.2
  ],
  "f1_per_class": [
    0.0,
    0.6956521739130435,
    0.3
  ],
  "confusion_matrix": [
    [
      0,
      0,
      0
    ],
    [
      0,
      16,
      2
    ],
    [
      0,
      12,
      3
    ]
  ],
  "y_true": [
    2,
    2,
    2,
    2,
    2,
    2,
    2,
    2,
    2,
    2,
    2,
    2,
    2,
    1,
    1,
    1,
    1,
    1,
    1,
    1,
    1,
    1,
    1,
    1,
    1,
    1,
    1,
    1,
    1,
    1,
    1,
    2,
    2
  ],
  "y_pred": [
    2,
    2,
    2,
    1,
    1,
    1,
    1,
    1,
    1,
    1,
    1,
    1,
    1,
    2,
    1,
    2,
    1,
    1,
    1,
    1,
    1,
    1,
    1,
    1,
    1,
    1,
    1,
    1,
    1,
    1,
    1,
    1,
    1
  ]
}