{
  "config_key": "low_lr1e5",
  "label": "LR=1e-5 (no warmup)",
  "seed": 789,
  "target_speed": 15,
  "accuracy": 0.5454545454545454,
  "precision_macro": 0.5277777777777778,
  "recall_macro": 0.5166666666666667,
  "f1_macro": 0.47619047619047616,
  "precision_per_class": [
    0.0,
    0.5555555555555556,
    0.5
  ],
  "recall_per_class": [
    0.0,
    0.8333333333333334,
    0.2
  ],
  "f1_per_class": [
    0.0,
    0.6666666666666666,
    0.2857142857142857
  ],
  "confusion_matrix": [
    [
      0,
      0,
      0
    ],
    [
      0,
      15,
      3
    ],
    [
      0,
      12,
      3
    ]
  ],
  "y_true": [
    2,
    2,
    2,
    2,
    2,
    2,
    2,
    2,
    2,
    2,
    2,
    2,
    2,
    1,
    1,
    1,
    1,
    1,
    1,
    1,
    1,
    1,
    1,
    1,
    1,
    1,
    1,
    1,
    1,
    1,
    1,
    2,
    2
  ],
  "y_pred": [
    2,
    2,
    2,
    1,
    1,
    1,
    1,
    1,
    1,
    1,
    1,
    1,
    1,
    2,
    2,
    2,
    1,
    1,
    1,
    1,
    1,
    1,
    1,
    1,
    1,
    1,
    1,
    1,
    1,
    1,
    1,
    1,
    1
  ]
}