{
  "baseline": "BERT_WordPiece",
  "seed": 789,
  "target_speed": 15,
  "accuracy": 0.5454545454545454,
  "precision_macro": 0.2727272727272727,
  "recall_macro": 0.5,
  "f1_macro": 0.35294117647058826,
  "precision_per_class": [
    0.0,
    0.5454545454545454,
    0.0
  ],
  "recall_per_class": [
    0.0,
    1.0,
    0.0
  ],
  "f1_per_class": [
    0.0,
    0.7058823529411765,
    0.0
  ],
  "confusion_matrix": [
    [
      0,
      0,
      0
    ],
    [
      0,
      18,
      0
    ],
    [
      0,
      15,
      0
    ]
  ],
  "y_true": [
    2,
    2,
    2,
    2,
    2,
    2,
    2,
    2,
    2,
    2,
    2,
    2,
    2,
    1,
    1,
    1,
    1,
    1,
    1,
    1,
    1,
    1,
    1,
    1,
    1,
    1,
    1,
    1,
    1,
    1,
    1,
    2,
    2
  ],
  "y_pred": [
    1,
    1,
    1,
    1,
    1,
    1,
    1,
    1,
    1,
    1,
    1,
    1,
    1,
    1,
    1,
    1,
    1,
    1,
    1,
    1,
    1,
    1,
    1,
    1,
    1,
    1,
    1,
    1,
    1,
    1,
    1,
    1,
    1
  ]
}