{
  "baseline": "BERT_WordPiece",
  "seed": 999,
  "target_speed": 15,
  "accuracy": 0.7948717948717948,
  "precision_macro": 0.7323232323232324,
  "recall_macro": 0.7487373737373737,
  "f1_macro": 0.7369007803790413,
  "precision_per_class": [
    1.0,
    0.8636363636363636,
    0.3333333333333333
  ],
  "recall_per_class": [
    1.0,
    0.7916666666666666,
    0.45454545454545453
  ],
  "f1_per_class": [
    1.0,
    0.8260869565217391,
    0.38461538461538464
  ],
  "confusion_matrix": [
    [
      19,
      0,
      0
    ],
    [
      0,
      38,
      10
    ],
    [
      0,
      6,
      5
    ]
  ],
  "y_true": [
    1,
    1,
    1,
    1,
    1,
    1,
    1,
    1,
    1,
    1,
    1,
    1,
    1,
    1,
    1,
    1,
    1,
    1,
    1,
    1,
    1,
    1,
    1,
    1,
    0,
    0,
    0,
    0,
    0,
    0,
    0,
    0,
    0,
    0,
    0,
    0,
    0,
    0,
    0,
    0,
    0,
    0,
    0,
    2,
    2,
    2,
    2,
    2,
    2,
    2,
    2,
    2,
    2,
    2,
    1,
    1,
    1,
    1,
    1,
    1,
    1,
    1,
    1,
    1,
    1,
    1,
    1,
    1,
    1,
    1,
    1,
    1,
    1,
    1,
    1,
    1,
    1,
    1
  ],
  "y_pred": [
    2,
    2,
    2,
    2,
    2,
    2,
    2,
    2,
    2,
    1,
    1,
    1,
    1,
    1,
    1,
    1,
    1,
    1,
    1,
    1,
    1,
    1,
    1,
    1,
    0,
    0,
    0,
    0,
    0,
    0,
    0,
    0,
    0,
    0,
    0,
    0,
    0,
    0,
    0,
    0,
    0,
    0,
    0,
    1,
    2,
    2,
    2,
    2,
    2,
    1,
    1,
    1,
    1,
    1,
    2,
    1,
    1,
    1,
    1,
    1,
    1,
    1,
    1,
    1,
    1,
    1,
    1,
    1,
    1,
    1,
    1,
    1,
    1,
    1,
    1,
    1,
    1,
    1
  ]
}