{
  "baseline": "LSTM_RELU_IOL1",
  "seed": 2024,
  "target_speed": 15,
  "accuracy": 0.3076923076923077,
  "precision_macro": 0.10256410256410257,
  "recall_macro": 0.3333333333333333,
  "f1_macro": 0.1568627450980392,
  "precision_per_class": [
    0.0,
    0.3076923076923077,
    0.0
  ],
  "recall_per_class": [
    0.0,
    1.0,
    0.0
  ],
  "f1_per_class": [
    0.0,
    0.47058823529411764,
    0.0
  ],
  "confusion_matrix": [
    [
      0,
      8,
      0
    ],
    [
      0,
      4,
      0
    ],
    [
      0,
      1,
      0
    ]
  ],
  "y_true": [
    0,
    0,
    1,
    1,
    0,
    0,
    1,
    1,
    0,
    0,
    0,
    0,
    2
  ],
  "y_pred": [
    1,
    1,
    1,
    1,
    1,
    1,
    1,
    1,
    1,
    1,
    1,
    1,
    1
  ]
}