{
  "baseline": "LSTM_RELU_IOL1",
  "seed": 456,
  "target_speed": 15,
  "accuracy": 0.7368421052631579,
  "precision_macro": 0.5384615384615384,
  "recall_macro": 0.6666666666666666,
  "f1_macro": 0.5873015873015873,
  "precision_per_class": [
    1.0,
    0.6153846153846154,
    0.0
  ],
  "recall_per_class": [
    1.0,
    1.0,
    0.0
  ],
  "f1_per_class": [
    1.0,
    0.7619047619047619,
    0.0
  ],
  "confusion_matrix": [
    [
      6,
      0,
      0
    ],
    [
      0,
      8,
      0
    ],
    [
      0,
      5,
      0
    ]
  ],
  "y_true": [
    2,
    1,
    1,
    2,
    1,
    1,
    2,
    0,
    0,
    1,
    1,
    0,
    0,
    2,
    2,
    0,
    0,
    1,
    1
  ],
  "y_pred": [
    1,
    1,
    1,
    1,
    1,
    1,
    1,
    0,
    0,
    1,
    1,
    0,
    0,
    1,
    1,
    0,
    0,
    1,
    1
  ]
}