{
  "baseline": "LSTM_RELU_IOL1",
  "seed": 999,
  "target_speed": 15,
  "accuracy": 0.8717948717948718,
  "precision_macro": 0.827264239028945,
  "recall_macro": 0.883838383838384,
  "f1_macro": 0.8439153439153438,
  "precision_per_class": [
    1.0,
    0.9523809523809523,
    0.5294117647058824
  ],
  "recall_per_class": [
    1.0,
    0.8333333333333334,
    0.8181818181818182
  ],
  "f1_per_class": [
    1.0,
    0.8888888888888888,
    0.6428571428571429
  ],
  "confusion_matrix": [
    [
      19,
      0,
      0
    ],
    [
      0,
      40,
      8
    ],
    [
      0,
      2,
      9
    ]
  ],
  "y_true": [
    1,
    1,
    1,
    1,
    1,
    1,
    1,
    1,
    1,
    1,
    1,
    1,
    1,
    1,
    1,
    1,
    1,
    1,
    1,
    1,
    1,
    1,
    1,
    1,
    0,
    0,
    0,
    0,
    0,
    0,
    0,
    0,
    0,
    0,
    0,
    0,
    0,
    0,
    0,
    0,
    0,
    0,
    0,
    2,
    2,
    2,
    2,
    2,
    2,
    2,
    2,
    2,
    2,
    2,
    1,
    1,
    1,
    1,
    1,
    1,
    1,
    1,
    1,
    1,
    1,
    1,
    1,
    1,
    1,
    1,
    1,
    1,
    1,
    1,
    1,
    1,
    1,
    1
  ],
  "y_pred": [
    2,
    2,
    2,
    2,
    1,
    1,
    1,
    1,
    1,
    1,
    1,
    1,
    1,
    1,
    1,
    1,
    1,
    1,
    1,
    1,
    1,
    1,
    1,
    1,
    0,
    0,
    0,
    0,
    0,
    0,
    0,
    0,
    0,
    0,
    0,
    0,
    0,
    0,
    0,
    0,
    0,
    0,
    0,
    2,
    1,
    1,
    2,
    2,
    2,
    2,
    2,
    2,
    2,
    2,
    2,
    2,
    2,
    2,
    1,
    1,
    1,
    1,
    1,
    1,
    1,
    1,
    1,
    1,
    1,
    1,
    1,
    1,
    1,
    1,
    1,
    1,
    1,
    1
  ]
}