{
  "baseline": "LSTM_RELU_IOL1",
  "seed": 789,
  "target_speed": 15,
  "accuracy": 0.125,
  "precision_macro": 0.3333333333333333,
  "recall_macro": 0.05555555555555555,
  "f1_macro": 0.09523809523809523,
  "precision_per_class": [
    1.0,
    0.0,
    0.0
  ],
  "recall_per_class": [
    0.16666666666666666,
    0.0,
    0.0
  ],
  "f1_per_class": [
    0.2857142857142857,
    0.0,
    0.0
  ],
  "confusion_matrix": [
    [
      1,
      5,
      0
    ],
    [
      0,
      0,
      0
    ],
    [
      0,
      2,
      0
    ]
  ],
  "y_true": [
    0,
    0,
    0,
    0,
    2,
    2,
    0,
    0
  ],
  "y_pred": [
    0,
    1,
    1,
    1,
    1,
    1,
    1,
    1
  ]
}