{
  "baseline": "LSTM_RELU_IOL1",
  "seed": 123,
  "target_speed": 15,
  "accuracy": 0.6363636363636364,
  "precision_macro": 0.44047619047619047,
  "recall_macro": 0.5833333333333334,
  "f1_macro": 0.49242424242424243,
  "precision_per_class": [
    0.5714285714285714,
    0.75,
    0.0
  ],
  "recall_per_class": [
    1.0,
    0.75,
    0.0
  ],
  "f1_per_class": [
    0.7272727272727273,
    0.75,
    0.0
  ],
  "confusion_matrix": [
    [
      4,
      0,
      0
    ],
    [
      1,
      3,
      0
    ],
    [
      2,
      1,
      0
    ]
  ],
  "y_true": [
    0,
    0,
    1,
    1,
    2,
    2,
    0,
    0,
    2,
    1,
    1
  ],
  "y_pred": [
    0,
    0,
    0,
    1,
    0,
    0,
    0,
    0,
    1,
    1,
    1
  ]
}