{
  "baseline": "RF_Stat",
  "seed": 123,
  "target_speed": 15,
  "accuracy": 0.6363636363636364,
  "precision_macro": 0.611111111111111,
  "recall_macro": 0.611111111111111,
  "f1_macro": 0.611111111111111,
  "precision_per_class": [
    1.0,
    0.5,
    0.3333333333333333
  ],
  "recall_per_class": [
    1.0,
    0.5,
    0.3333333333333333
  ],
  "f1_per_class": [
    1.0,
    0.5,
    0.3333333333333333
  ],
  "confusion_matrix": [
    [
      4,
      0,
      0
    ],
    [
      0,
      2,
      2
    ],
    [
      0,
      2,
      1
    ]
  ],
  "y_true": [
    0,
    0,
    1,
    1,
    2,
    2,
    0,
    0,
    2,
    1,
    1
  ],
  "y_pred": [
    0,
    0,
    2,
    1,
    2,
    1,
    0,
    0,
    1,
    2,
    1
  ]
}