{
  "baseline": "RF_Stat",
  "seed": 456,
  "target_speed": 15,
  "accuracy": 0.631578947368421,
  "precision_macro": 0.6018518518518519,
  "recall_macro": 0.6083333333333333,
  "f1_macro": 0.6034858387799565,
  "precision_per_class": [
    1.0,
    0.5555555555555556,
    0.25
  ],
  "recall_per_class": [
    1.0,
    0.625,
    0.2
  ],
  "f1_per_class": [
    1.0,
    0.5882352941176471,
    0.2222222222222222
  ],
  "confusion_matrix": [
    [
      6,
      0,
      0
    ],
    [
      0,
      5,
      3
    ],
    [
      0,
      4,
      1
    ]
  ],
  "y_true": [
    2,
    1,
    1,
    2,
    1,
    1,
    2,
    0,
    0,
    1,
    1,
    0,
    0,
    2,
    2,
    0,
    0,
    1,
    1
  ],
  "y_pred": [
    1,
    2,
    1,
    1,
    1,
    1,
    1,
    0,
    0,
    2,
    1,
    0,
    0,
    2,
    1,
    0,
    0,
    2,
    1
  ]
}