{
  "baseline": "RF_Stat",
  "seed": 999,
  "target_speed": 15,
  "accuracy": 0.782051282051282,
  "precision_macro": 0.7726190476190476,
  "recall_macro": 0.8352272727272728,
  "f1_macro": 0.7698221457257602,
  "precision_per_class": [
    1.0,
    0.9428571428571428,
    0.375
  ],
  "recall_per_class": [
    1.0,
    0.6875,
    0.8181818181818182
  ],
  "f1_per_class": [
    1.0,
    0.7951807228915663,
    0.5142857142857142
  ],
  "confusion_matrix": [
    [
      19,
      0,
      0
    ],
    [
      0,
      33,
      15
    ],
    [
      0,
      2,
      9
    ]
  ],
  "y_true": [
    1,
    1,
    1,
    1,
    1,
    1,
    1,
    1,
    1,
    1,
    1,
    1,
    1,
    1,
    1,
    1,
    1,
    1,
    1,
    1,
    1,
    1,
    1,
    1,
    0,
    0,
    0,
    0,
    0,
    0,
    0,
    0,
    0,
    0,
    0,
    0,
    0,
    0,
    0,
    0,
    0,
    0,
    0,
    2,
    2,
    2,
    2,
    2,
    2,
    2,
    2,
    2,
    2,
    2,
    1,
    1,
    1,
    1,
    1,
    1,
    1,
    1,
    1,
    1,
    1,
    1,
    1,
    1,
    1,
    1,
    1,
    1,
    1,
    1,
    1,
    1,
    1,
    1
  ],
  "y_pred": [
    2,
    2,
    2,
    2,
    2,
    2,
    1,
    1,
    1,
    1,
    1,
    1,
    1,
    1,
    1,
    1,
    1,
    1,
    1,
    1,
    1,
    1,
    1,
    1,
    0,
    0,
    0,
    0,
    0,
    0,
    0,
    0,
    0,
    0,
    0,
    0,
    0,
    0,
    0,
    0,
    0,
    0,
    0,
    2,
    1,
    1,
    2,
    2,
    2,
    2,
    2,
    2,
    2,
    2,
    2,
    2,
    2,
    2,
    2,
    2,
    2,
    2,
    2,
    1,
    1,
    1,
    1,
    1,
    1,
    1,
    1,
    1,
    1,
    1,
    1,
    1,
    1,
    1
  ]
}