{
  "baseline": "RF_Stat",
  "seed": 2024,
  "target_speed": 15,
  "accuracy": 0.8461538461538461,
  "precision_macro": 0.5833333333333334,
  "recall_macro": 0.5833333333333334,
  "f1_macro": 0.5833333333333334,
  "precision_per_class": [
    1.0,
    0.75,
    0.0
  ],
  "recall_per_class": [
    1.0,
    0.75,
    0.0
  ],
  "f1_per_class": [
    1.0,
    0.75,
    0.0
  ],
  "confusion_matrix": [
    [
      8,
      0,
      0
    ],
    [
      0,
      3,
      1
    ],
    [
      0,
      1,
      0
    ]
  ],
  "y_true": [
    0,
    0,
    1,
    1,
    0,
    0,
    1,
    1,
    0,
    0,
    0,
    0,
    2
  ],
  "y_pred": [
    0,
    0,
    1,
    1,
    0,
    0,
    2,
    1,
    0,
    0,
    0,
    0,
    1
  ]
}