{
  "baseline": "RF_Stat",
  "seed": 42,
  "target_speed": 15,
  "accuracy": 0.75,
  "precision_macro": 0.3333333333333333,
  "recall_macro": 0.3333333333333333,
  "f1_macro": 0.3333333333333333,
  "precision_per_class": [
    1.0,
    0.0,
    0.0
  ],
  "recall_per_class": [
    1.0,
    0.0,
    0.0
  ],
  "f1_per_class": [
    1.0,
    0.0,
    0.0
  ],
  "confusion_matrix": [
    [
      6,
      0,
      0
    ],
    [
      0,
      0,
      0
    ],
    [
      0,
      2,
      0
    ]
  ],
  "y_true": [
    0,
    0,
    0,
    0,
    2,
    0,
    0,
    2
  ],
  "y_pred": [
    0,
    0,
    0,
    0,
    1,
    0,
    0,
    1
  ]
}