{
  "xgb_only": {
    "mean": 88.34066828629922,
    "std": 3.592877090557506,
    "formatted": "88.34 \u00b1 3.59"
  },
  "bilstm_1_only": {
    "mean": 73.19928407669067,
    "std": 6.134806970823995,
    "formatted": "73.20 \u00b1 6.13"
  },
  "bilstm_5_only": {
    "mean": 77.09564715623856,
    "std": 5.533321446540334,
    "formatted": "77.10 \u00b1 5.53"
  },
  "bilstm_15_only": {
    "mean": 89.35658305883408,
    "std": 3.7249574160513417,
    "formatted": "89.36 \u00b1 3.72"
  },
  "multiscale_bilstm_only": {
    "mean": 89.32596489143447,
    "std": 3.870758493206819,
    "formatted": "89.33 \u00b1 3.87"
  },
  "multiscale_bilstm_plus_knn": {
    "mean": 89.35940618201784,
    "std": 3.8795401483773766,
    "formatted": "89.36 \u00b1 3.88"
  },
  "full_detector": {
    "mean": 87.76281424132058,
    "std": 3.196304849410695,
    "formatted": "87.76 \u00b1 3.20"
  }
}