{
  "bilstm_1s": {
    "mean": 1.4107014823215758,
    "std": 1.237425269458845,
    "min": 0.0,
    "max": 3.9569367434938623
  },
  "bilstm_5s": {
    "mean": 2.0596790448954434,
    "std": 2.225824749260219,
    "min": 0.0,
    "max": 9.511411834222384
  },
  "bilstm_15s": {
    "mean": 75.57758967444138,
    "std": 6.787346536025922,
    "min": 58.663684093777334,
    "max": 85.86339832267436
  },
  "spatial": {
    "mean": 0.3272486444417499,
    "std": 0.42310621309870894,
    "min": 0.0,
    "max": 1.5502020337146931
  },
  "xgb_tabular": {
    "mean": 20.62478115389986,
    "std": 6.992402468906868,
    "min": 11.953941552429187,
    "max": 38.926193484366976
  }
}