{
  "seed": 77,
  "target_speed": 15,
  "accuracy": 0.8913043478260869,
  "precision_macro": 0.9036281179138322,
  "recall_macro": 0.8947081287506818,
  "f1_macro": 0.8986111111111112,
  "precision_per_class": [
    1.0,
    0.8775510204081632,
    0.8333333333333334
  ],
  "recall_per_class": [
    1.0,
    0.9148936170212766,
    0.7692307692307693
  ],
  "f1_per_class": [
    1.0,
    0.8958333333333334,
    0.8
  ],
  "confusion_matrix": [
    [
      19,
      0,
      0
    ],
    [
      0,
      43,
      4
    ],
    [
      0,
      6,
      20
    ]
  ],
  "single_scale_acc": {
    "1s": 0.6304348111152649,
    "5s": 0.6894409656524658,
    "15s": 0.8504672646522522
  },
  "xgb_only_acc": 0.8878504672897196,
  "y_true": [
    2,
    2,
    2,
    2,
    2,
    2,
    2,
    2,
    2,
    2,
    2,
    2,
    2,
    2,
    1,
    1,
    1,
    1,
    1,
    1,
    1,
    1,
    1,
    1,
    1,
    1,
    1,
    1,
    1,
    1,
    1,
    1,
    1,
    1,
    1,
    1,
    1,
    0,
    0,
    0,
    0,
    0,
    0,
    0,
    0,
    0,
    0,
    0,
    0,
    0,
    0,
    0,
    0,
    0,
    0,
    0,
    1,
    1,
    1,
    1,
    1,
    1,
    1,
    1,
    1,
    1,
    1,
    1,
    1,
    1,
    1,
    1,
    1,
    1,
    1,
    1,
    1,
    1,
    1,
    1,
    2,
    2,
    2,
    2,
    2,
    2,
    2,
    2,
    2,
    2,
    2,
    2
  ],
  "y_pred": [
    1,
    2,
    2,
    2,
    2,
    2,
    2,
    2,
    2,
    2,
    2,
    2,
    2,
    2,
    2,
    2,
    1,
    1,
    1,
    1,
    1,
    1,
    1,
    1,
    1,
    1,
    1,
    1,
    1,
    1,
    1,
    1,
    1,
    1,
    1,
    1,
    1,
    0,
    0,
    0,
    0,
    0,
    0,
    0,
    0,
    0,
    0,
    0,
    0,
    0,
    0,
    0,
    0,
    0,
    0,
    0,
    1,
    2,
    1,
    2,
    1,
    1,
    1,
    1,
    1,
    1,
    1,
    1,
    1,
    1,
    1,
    1,
    1,
    1,
    1,
    1,
    1,
    1,
    1,
    1,
    1,
    2,
    2,
    2,
    1,
    1,
    1,
    1,
    2,
    2,
    2,
    2
  ],
  "meta_feature_importance": {
    "weight": {
      "bilstm_1s": 1.0452961672473868,
      "bilstm_5s": 2.7874564459930316,
      "bilstm_15s": 43.20557491289199,
      "spatial": 0.0,
      "xgb_tabular": 52.961672473867594
    },
    "gain": {
      "bilstm_1s": 0.22175423014306617,
      "bilstm_5s": 3.1502722612363865,
      "bilstm_15s": 68.07993766116647,
      "spatial": 0.0,
      "xgb_tabular": 28.548035847454077
    },
    "cover": {
      "bilstm_1s": 5.96367367159407,
      "bilstm_5s": 14.35211745082629,
      "bilstm_15s": 64.57350473881219,
      "spatial": 0.0,
      "xgb_tabular": 15.11070413876745
    },
    "total_gain": {
      "bilstm_1s": 0.006558381369732712,
      "bilstm_5s": 0.12060873472976674,
      "bilstm_15s": 40.63459780736726,
      "spatial": 0.0,
      "xgb_tabular": 59.23823507653324
    },
    "total_cover": {
      "bilstm_1s": 0.3650901378850558,
      "bilstm_5s": 1.017167169306262,
      "bilstm_15s": 44.924302849299636,
      "spatial": 0.0,
      "xgb_tabular": 53.69343984350905
    }
  },
  "ablation": {
    "xgb_only": 0.8878504672897196,
    "bilstm_1_only": 0.6304348111152649,
    "bilstm_5_only": 0.6894409656524658,
    "bilstm_15_only": 0.8504672646522522,
    "multiscale_bilstm_only": 0.9021739130434783,
    "multiscale_bilstm_plus_knn": 0.8913043478260869,
    "full_detector": 0.8913043478260869
  },
  "knn_sensitivity": {
    "k=3": {
      "accuracy": 0.8913043478260869,
      "graph_density": 0.02830188679245283
    },
    "k=5": {
      "accuracy": 0.8913043478260869,
      "graph_density": 0.04716981132075472
    },
    "k=7": {
      "accuracy": 0.8913043478260869,
      "graph_density": 0.0660377358490566
    },
    "k=10": {
      "accuracy": 0.8913043478260869,
      "graph_density": 0.09433962264150944
    }
  }
}