{
  "seed": 333,
  "target_speed": 15,
  "accuracy": 0.891156462585034,
  "precision_macro": 0.8552228403098329,
  "recall_macro": 0.9054878048780487,
  "f1_macro": 0.8713501741923747,
  "precision_per_class": [
    0.9761904761904762,
    0.971830985915493,
    0.6176470588235294
  ],
  "recall_per_class": [
    1.0,
    0.8414634146341463,
    0.875
  ],
  "f1_per_class": [
    0.9879518072289156,
    0.9019607843137255,
    0.7241379310344828
  ],
  "confusion_matrix": [
    [
      41,
      0,
      0
    ],
    [
      0,
      69,
      13
    ],
    [
      1,
      2,
      21
    ]
  ],
  "single_scale_acc": {
    "1s": 0.7278911471366882,
    "5s": 0.7782257795333862,
    "15s": 0.9011628031730652
  },
  "xgb_only_acc": 0.9069767441860465,
  "y_true": [
    1,
    1,
    1,
    1,
    1,
    1,
    1,
    1,
    1,
    1,
    1,
    1,
    1,
    1,
    1,
    1,
    1,
    1,
    1,
    1,
    1,
    1,
    1,
    2,
    2,
    2,
    2,
    2,
    2,
    2,
    2,
    2,
    2,
    2,
    2,
    2,
    1,
    1,
    1,
    1,
    1,
    1,
    1,
    1,
    1,
    1,
    1,
    1,
    1,
    1,
    1,
    1,
    1,
    1,
    1,
    1,
    1,
    1,
    1,
    1,
    0,
    0,
    0,
    0,
    0,
    0,
    0,
    0,
    0,
    0,
    0,
    0,
    0,
    0,
    0,
    0,
    0,
    0,
    0,
    2,
    2,
    2,
    2,
    2,
    2,
    2,
    2,
    2,
    2,
    2,
    0,
    0,
    0,
    0,
    0,
    0,
    0,
    0,
    0,
    0,
    0,
    0,
    0,
    0,
    0,
    0,
    0,
    0,
    0,
    0,
    0,
    0,
    1,
    1,
    1,
    1,
    1,
    1,
    1,
    1,
    1,
    1,
    1,
    1,
    1,
    1,
    1,
    1,
    1,
    1,
    1,
    1,
    1,
    1,
    1,
    1,
    1,
    1,
    1,
    1,
    1,
    1,
    1,
    1,
    1,
    1,
    1
  ],
  "y_pred": [
    1,
    2,
    1,
    1,
    1,
    1,
    1,
    1,
    1,
    1,
    1,
    1,
    1,
    1,
    1,
    1,
    1,
    1,
    1,
    1,
    1,
    1,
    1,
    0,
    2,
    2,
    2,
    2,
    2,
    2,
    2,
    2,
    2,
    2,
    2,
    2,
    2,
    2,
    2,
    2,
    2,
    2,
    1,
    1,
    1,
    1,
    1,
    1,
    1,
    1,
    1,
    1,
    1,
    1,
    1,
    1,
    1,
    1,
    1,
    1,
    0,
    0,
    0,
    0,
    0,
    0,
    0,
    0,
    0,
    0,
    0,
    0,
    0,
    0,
    0,
    0,
    0,
    0,
    0,
    2,
    1,
    1,
    2,
    2,
    2,
    2,
    2,
    2,
    2,
    2,
    0,
    0,
    0,
    0,
    0,
    0,
    0,
    0,
    0,
    0,
    0,
    0,
    0,
    0,
    0,
    0,
    0,
    0,
    0,
    0,
    0,
    0,
    2,
    2,
    2,
    2,
    1,
    1,
    1,
    1,
    1,
    1,
    1,
    1,
    1,
    1,
    1,
    1,
    1,
    1,
    1,
    1,
    1,
    1,
    1,
    1,
    1,
    1,
    2,
    2,
    1,
    1,
    1,
    1,
    1,
    1,
    1
  ],
  "meta_feature_importance": {
    "weight": {
      "bilstm_1s": 0.8797653958944283,
      "bilstm_5s": 1.1730205278592376,
      "bilstm_15s": 50.43988269794721,
      "spatial": 0.5865102639296188,
      "xgb_tabular": 46.9208211143695
    },
    "gain": {
      "bilstm_1s": 1.1544455361900943,
      "bilstm_5s": 1.0446401215660932,
      "bilstm_15s": 79.5242777955387,
      "spatial": 0.7030702321271615,
      "xgb_tabular": 17.573566314577953
    },
    "cover": {
      "bilstm_1s": 7.743730460053026,
      "bilstm_5s": 8.314250216663888,
      "bilstm_15s": 70.81992035725276,
      "spatial": 2.9869467111146277,
      "xgb_tabular": 10.13515225491571
    },
    "total_gain": {
      "bilstm_1s": 0.05053345264826193,
      "bilstm_5s": 0.0457269489662112,
      "bilstm_15s": 44.382102969310594,
      "spatial": 0.0307754373591776,
      "xgb_tabular": 55.49086119171576
    },
    "total_cover": {
      "bilstm_1s": 0.5830534014232656,
      "bilstm_5s": 0.626009892017446,
      "bilstm_15s": 50.303217049402626,
      "spatial": 0.2248979931273969,
      "xgb_tabular": 48.26282166402927
    }
  },
  "ablation": {
    "xgb_only": 0.9069767441860465,
    "bilstm_1_only": 0.7278911471366882,
    "bilstm_5_only": 0.7782257795333862,
    "bilstm_15_only": 0.9011628031730652,
    "multiscale_bilstm_only": 0.8299319727891157,
    "multiscale_bilstm_plus_knn": 0.8299319727891157,
    "full_detector": 0.891156462585034
  },
  "knn_sensitivity": {
    "k=3": {
      "accuracy": 0.891156462585034,
      "graph_density": 0.017543859649122806
    },
    "k=5": {
      "accuracy": 0.891156462585034,
      "graph_density": 0.029239766081871343
    },
    "k=7": {
      "accuracy": 0.891156462585034,
      "graph_density": 0.04093567251461988
    },
    "k=10": {
      "accuracy": 0.891156462585034,
      "graph_density": 0.05847953216374269
    }
  }
}