{
  "seed": 456,
  "target_speed": 15,
  "accuracy": 0.8629441624365483,
  "precision_macro": 0.8639619883040935,
  "recall_macro": 0.8650058788947678,
  "f1_macro": 0.8644533611828725,
  "precision_per_class": [
    1.0,
    0.8375,
    0.7543859649122807
  ],
  "recall_per_class": [
    1.0,
    0.8271604938271605,
    0.7678571428571429
  ],
  "f1_per_class": [
    1.0,
    0.8322981366459627,
    0.7610619469026548
  ],
  "confusion_matrix": [
    [
      60,
      0,
      0
    ],
    [
      0,
      67,
      14
    ],
    [
      0,
      13,
      43
    ]
  ],
  "single_scale_acc": {
    "1s": 0.7258883118629456,
    "5s": 0.779552698135376,
    "15s": 0.9009901285171509
  },
  "xgb_only_acc": 0.8811881188118812,
  "y_true": [
    2,
    2,
    2,
    2,
    2,
    2,
    2,
    2,
    2,
    1,
    1,
    1,
    1,
    1,
    1,
    1,
    1,
    1,
    1,
    1,
    1,
    1,
    1,
    1,
    1,
    1,
    1,
    1,
    1,
    1,
    1,
    1,
    1,
    2,
    2,
    2,
    2,
    2,
    2,
    2,
    2,
    2,
    2,
    2,
    2,
    2,
    1,
    1,
    1,
    1,
    1,
    1,
    1,
    1,
    1,
    1,
    1,
    1,
    1,
    1,
    1,
    1,
    1,
    1,
    2,
    2,
    2,
    2,
    2,
    2,
    2,
    2,
    0,
    0,
    0,
    0,
    0,
    0,
    0,
    0,
    0,
    0,
    0,
    0,
    0,
    0,
    0,
    0,
    0,
    0,
    0,
    0,
    0,
    0,
    1,
    1,
    1,
    1,
    1,
    1,
    1,
    1,
    1,
    1,
    1,
    1,
    1,
    1,
    1,
    1,
    1,
    1,
    1,
    1,
    1,
    1,
    1,
    1,
    0,
    0,
    0,
    0,
    0,
    0,
    0,
    0,
    0,
    0,
    0,
    0,
    0,
    0,
    0,
    0,
    0,
    0,
    0,
    2,
    2,
    2,
    2,
    2,
    2,
    2,
    2,
    2,
    2,
    2,
    2,
    2,
    2,
    2,
    2,
    2,
    2,
    2,
    2,
    2,
    2,
    2,
    2,
    2,
    2,
    0,
    0,
    0,
    0,
    0,
    0,
    0,
    0,
    0,
    0,
    0,
    0,
    0,
    0,
    0,
    0,
    0,
    0,
    0,
    1,
    1,
    1,
    1,
    1,
    1,
    1,
    1,
    1,
    1,
    1,
    1,
    1,
    1,
    1
  ],
  "y_pred": [
    1,
    1,
    1,
    1,
    2,
    2,
    2,
    2,
    2,
    2,
    2,
    2,
    2,
    2,
    2,
    1,
    1,
    1,
    1,
    1,
    1,
    1,
    1,
    1,
    1,
    1,
    1,
    1,
    1,
    1,
    1,
    1,
    1,
    1,
    2,
    2,
    2,
    2,
    2,
    2,
    2,
    2,
    2,
    2,
    2,
    2,
    2,
    1,
    1,
    1,
    1,
    1,
    1,
    1,
    1,
    1,
    1,
    1,
    1,
    1,
    1,
    1,
    1,
    1,
    2,
    2,
    2,
    2,
    2,
    2,
    2,
    2,
    0,
    0,
    0,
    0,
    0,
    0,
    0,
    0,
    0,
    0,
    0,
    0,
    0,
    0,
    0,
    0,
    0,
    0,
    0,
    0,
    0,
    0,
    2,
    2,
    2,
    2,
    2,
    2,
    1,
    1,
    1,
    1,
    1,
    1,
    1,
    1,
    1,
    1,
    1,
    1,
    1,
    1,
    1,
    1,
    1,
    1,
    0,
    0,
    0,
    0,
    0,
    0,
    0,
    0,
    0,
    0,
    0,
    0,
    0,
    0,
    0,
    0,
    0,
    0,
    0,
    1,
    1,
    1,
    1,
    1,
    1,
    2,
    2,
    2,
    2,
    2,
    2,
    2,
    1,
    1,
    2,
    2,
    2,
    2,
    2,
    2,
    2,
    2,
    2,
    2,
    2,
    0,
    0,
    0,
    0,
    0,
    0,
    0,
    0,
    0,
    0,
    0,
    0,
    0,
    0,
    0,
    0,
    0,
    0,
    0,
    2,
    1,
    1,
    1,
    1,
    1,
    1,
    1,
    1,
    1,
    1,
    1,
    1,
    1,
    1
  ],
  "meta_feature_importance": {
    "weight": {
      "bilstm_1s": 1.744186046511628,
      "bilstm_5s": 1.4534883720930232,
      "bilstm_15s": 42.44186046511628,
      "spatial": 0.872093023255814,
      "xgb_tabular": 53.48837209302325
    },
    "gain": {
      "bilstm_1s": 3.2986574898320473,
      "bilstm_5s": 2.799527445504595,
      "bilstm_15s": 76.41716082997333,
      "spatial": 1.2051846518251836,
      "xgb_tabular": 16.27946958286485
    },
    "cover": {
      "bilstm_1s": 16.482941522906696,
      "bilstm_5s": 4.617557346825828,
      "bilstm_15s": 63.15416744365613,
      "spatial": 5.494852406472542,
      "xgb_tabular": 10.250481280138807
    },
    "total_gain": {
      "bilstm_1s": 0.13136735986590722,
      "bilstm_5s": 0.27821391207536883,
      "bilstm_15s": 43.14009381546961,
      "spatial": 0.04799586690925223,
      "xgb_tabular": 56.402329045679856
    },
    "total_cover": {
      "bilstm_1s": 1.1912411055374872,
      "bilstm_5s": 0.6861915127978647,
      "bilstm_15s": 46.467971725420746,
      "spatial": 0.39711929125969303,
      "xgb_tabular": 51.2574763649842
    }
  },
  "ablation": {
    "xgb_only": 0.8811881188118812,
    "bilstm_1_only": 0.7258883118629456,
    "bilstm_5_only": 0.779552698135376,
    "bilstm_15_only": 0.9009901285171509,
    "multiscale_bilstm_only": 0.9035532994923858,
    "multiscale_bilstm_plus_knn": 0.8984771573604061,
    "full_detector": 0.8629441624365483
  },
  "knn_sensitivity": {
    "k=3": {
      "accuracy": 0.8629441624365483,
      "graph_density": 0.014925373134328358
    },
    "k=5": {
      "accuracy": 0.8629441624365483,
      "graph_density": 0.024875621890547265
    },
    "k=7": {
      "accuracy": 0.8629441624365483,
      "graph_density": 0.03482587064676617
    },
    "k=10": {
      "accuracy": 0.8629441624365483,
      "graph_density": 0.04975124378109453
    }
  }
}