{
  "seed": 777,
  "target_speed": 15,
  "accuracy": 0.8198757763975155,
  "precision_macro": 0.8395061728395062,
  "recall_macro": 0.8421890547263682,
  "f1_macro": 0.8345644701236014,
  "precision_per_class": [
    1.0,
    0.8518518518518519,
    0.6666666666666666
  ],
  "recall_per_class": [
    1.0,
    0.6865671641791045,
    0.84
  ],
  "f1_per_class": [
    1.0,
    0.7603305785123967,
    0.7433628318584071
  ],
  "confusion_matrix": [
    [
      44,
      0,
      0
    ],
    [
      0,
      46,
      21
    ],
    [
      0,
      8,
      42
    ]
  ],
  "single_scale_acc": {
    "1s": 0.6335403919219971,
    "5s": 0.7480915784835815,
    "15s": 0.8720930218696594
  },
  "xgb_only_acc": 0.813953488372093,
  "y_true": [
    0,
    0,
    0,
    0,
    0,
    0,
    0,
    0,
    0,
    0,
    0,
    0,
    0,
    0,
    0,
    0,
    0,
    0,
    0,
    0,
    0,
    0,
    1,
    1,
    1,
    1,
    1,
    1,
    1,
    1,
    1,
    1,
    1,
    1,
    1,
    1,
    1,
    1,
    1,
    1,
    1,
    1,
    1,
    1,
    1,
    2,
    2,
    2,
    2,
    2,
    2,
    2,
    2,
    2,
    2,
    2,
    2,
    2,
    2,
    2,
    2,
    2,
    2,
    2,
    2,
    2,
    0,
    0,
    0,
    0,
    0,
    0,
    0,
    0,
    0,
    0,
    0,
    0,
    0,
    0,
    0,
    0,
    0,
    0,
    0,
    0,
    0,
    0,
    2,
    2,
    2,
    2,
    2,
    2,
    2,
    2,
    2,
    2,
    2,
    2,
    2,
    2,
    2,
    2,
    2,
    2,
    2,
    2,
    2,
    2,
    2,
    2,
    2,
    2,
    1,
    1,
    1,
    1,
    1,
    1,
    1,
    1,
    1,
    1,
    1,
    1,
    1,
    1,
    1,
    1,
    1,
    1,
    1,
    1,
    1,
    1,
    1,
    1,
    1,
    1,
    1,
    1,
    1,
    1,
    1,
    1,
    1,
    1,
    1,
    1,
    1,
    1,
    1,
    1,
    1,
    1,
    1,
    1,
    2,
    2,
    2
  ],
  "y_pred": [
    0,
    0,
    0,
    0,
    0,
    0,
    0,
    0,
    0,
    0,
    0,
    0,
    0,
    0,
    0,
    0,
    0,
    0,
    0,
    0,
    0,
    0,
    2,
    2,
    2,
    2,
    2,
    1,
    1,
    1,
    2,
    1,
    1,
    1,
    1,
    1,
    1,
    1,
    1,
    1,
    1,
    1,
    1,
    1,
    1,
    1,
    2,
    2,
    2,
    2,
    2,
    2,
    2,
    2,
    2,
    2,
    2,
    2,
    2,
    2,
    2,
    2,
    2,
    2,
    2,
    2,
    0,
    0,
    0,
    0,
    0,
    0,
    0,
    0,
    0,
    0,
    0,
    0,
    0,
    0,
    0,
    0,
    0,
    0,
    0,
    0,
    0,
    0,
    2,
    2,
    2,
    2,
    2,
    2,
    2,
    2,
    2,
    2,
    2,
    2,
    2,
    1,
    1,
    1,
    1,
    1,
    2,
    2,
    2,
    2,
    2,
    2,
    2,
    2,
    2,
    2,
    2,
    2,
    2,
    2,
    2,
    2,
    2,
    1,
    1,
    2,
    1,
    1,
    1,
    1,
    1,
    1,
    1,
    1,
    1,
    1,
    1,
    1,
    2,
    2,
    2,
    2,
    2,
    1,
    1,
    1,
    1,
    1,
    1,
    1,
    1,
    1,
    1,
    1,
    1,
    1,
    1,
    1,
    1,
    1,
    2
  ],
  "meta_feature_importance": {
    "weight": {
      "bilstm_1s": 1.550387596899225,
      "bilstm_5s": 2.3255813953488373,
      "bilstm_15s": 43.798449612403104,
      "spatial": 0.3875968992248062,
      "xgb_tabular": 51.93798449612403
    },
    "gain": {
      "bilstm_1s": 3.9569367434938623,
      "bilstm_5s": 1.5034391885663514,
      "bilstm_15s": 77.63307590280387,
      "spatial": 0.13071059478866184,
      "xgb_tabular": 16.77583757034725
    },
    "cover": {
      "bilstm_1s": 7.754131904970284,
      "bilstm_5s": 9.104198282349607,
      "bilstm_15s": 68.92654411188576,
      "spatial": 1.873666284110288,
      "xgb_tabular": 12.341459416684053
    },
    "total_gain": {
      "bilstm_1s": 0.1954100380791415,
      "bilstm_5s": 0.10932402373143887,
      "bilstm_15s": 45.79377177350863,
      "spatial": 0.006455034275439704,
      "xgb_tabular": 53.89503913040535
    },
    "total_cover": {
      "bilstm_1s": 0.5946188492288137,
      "bilstm_5s": 0.7625653406670008,
      "bilstm_15s": 47.143339035281976,
      "spatial": 0.14368046653711863,
      "xgb_tabular": 51.355796308285086
    }
  },
  "ablation": {
    "xgb_only": 0.813953488372093,
    "bilstm_1_only": 0.6335403919219971,
    "bilstm_5_only": 0.7480915784835815,
    "bilstm_15_only": 0.8720930218696594,
    "multiscale_bilstm_only": 0.8074534161490683,
    "multiscale_bilstm_plus_knn": 0.7950310559006211,
    "full_detector": 0.8198757763975155
  },
  "knn_sensitivity": {
    "k=3": {
      "accuracy": 0.8198757763975155,
      "graph_density": 0.017543859649122806
    },
    "k=5": {
      "accuracy": 0.8198757763975155,
      "graph_density": 0.029239766081871343
    },
    "k=7": {
      "accuracy": 0.8198757763975155,
      "graph_density": 0.04093567251461988
    },
    "k=10": {
      "accuracy": 0.8198757763975155,
      "graph_density": 0.05847953216374269
    }
  }
}