{
  "seed": 111,
  "target_speed": 15,
  "accuracy": 0.8666666666666667,
  "precision_macro": 0.8009259259259259,
  "recall_macro": 0.7905982905982906,
  "f1_macro": 0.7835497835497836,
  "precision_per_class": [
    1.0,
    0.625,
    0.7777777777777778
  ],
  "recall_per_class": [
    1.0,
    0.8333333333333334,
    0.5384615384615384
  ],
  "f1_per_class": [
    1.0,
    0.7142857142857143,
    0.6363636363636364
  ],
  "confusion_matrix": [
    [
      70,
      0,
      0
    ],
    [
      0,
      20,
      4
    ],
    [
      0,
      12,
      14
    ]
  ],
  "single_scale_acc": {
    "1s": 0.75,
    "5s": 0.7929292917251587,
    "15s": 0.8947368264198303
  },
  "xgb_only_acc": 0.8796992481203008,
  "y_true": [
    0,
    0,
    0,
    0,
    0,
    0,
    0,
    0,
    0,
    0,
    0,
    0,
    0,
    0,
    0,
    0,
    0,
    0,
    0,
    0,
    0,
    2,
    2,
    2,
    2,
    2,
    2,
    2,
    2,
    2,
    2,
    2,
    2,
    2,
    0,
    0,
    0,
    0,
    0,
    0,
    0,
    0,
    0,
    0,
    0,
    0,
    0,
    0,
    0,
    0,
    0,
    0,
    0,
    0,
    0,
    0,
    0,
    0,
    0,
    0,
    0,
    0,
    0,
    0,
    0,
    0,
    0,
    0,
    0,
    0,
    0,
    0,
    0,
    0,
    0,
    1,
    1,
    1,
    1,
    1,
    1,
    1,
    1,
    1,
    1,
    1,
    1,
    1,
    1,
    1,
    1,
    1,
    1,
    1,
    1,
    1,
    1,
    1,
    1,
    2,
    2,
    2,
    2,
    2,
    2,
    2,
    2,
    2,
    2,
    2,
    2,
    2,
    0,
    0,
    0,
    0,
    0,
    0,
    0,
    0
  ],
  "y_pred": [
    0,
    0,
    0,
    0,
    0,
    0,
    0,
    0,
    0,
    0,
    0,
    0,
    0,
    0,
    0,
    0,
    0,
    0,
    0,
    0,
    0,
    1,
    1,
    1,
    1,
    1,
    1,
    1,
    1,
    1,
    1,
    2,
    2,
    2,
    0,
    0,
    0,
    0,
    0,
    0,
    0,
    0,
    0,
    0,
    0,
    0,
    0,
    0,
    0,
    0,
    0,
    0,
    0,
    0,
    0,
    0,
    0,
    0,
    0,
    0,
    0,
    0,
    0,
    0,
    0,
    0,
    0,
    0,
    0,
    0,
    0,
    0,
    0,
    0,
    0,
    2,
    2,
    2,
    2,
    1,
    1,
    1,
    1,
    1,
    1,
    1,
    1,
    1,
    1,
    1,
    1,
    1,
    1,
    1,
    1,
    1,
    1,
    1,
    1,
    1,
    1,
    2,
    2,
    2,
    2,
    2,
    2,
    2,
    2,
    2,
    2,
    2,
    0,
    0,
    0,
    0,
    0,
    0,
    0,
    0
  ],
  "meta_feature_importance": {
    "weight": {
      "bilstm_1s": 0.4608294930875576,
      "bilstm_5s": 1.8433179723502304,
      "bilstm_15s": 41.013824884792626,
      "spatial": 0.0,
      "xgb_tabular": 56.68202764976959
    },
    "gain": {
      "bilstm_1s": 0.11365693222095022,
      "bilstm_5s": 1.1745223957331499,
      "bilstm_15s": 68.67328623980441,
      "spatial": 0.0,
      "xgb_tabular": 30.03853443224149
    },
    "cover": {
      "bilstm_1s": 3.1998700763978634,
      "bilstm_5s": 8.633150180336454,
      "bilstm_15s": 71.29812976349787,
      "spatial": 0.0,
      "xgb_tabular": 16.86884997976782
    },
    "total_gain": {
      "bilstm_1s": 0.0038611786714950395,
      "bilstm_5s": 0.03990113700044208,
      "bilstm_15s": 39.5819972730069,
      "spatial": 0.0,
      "xgb_tabular": 60.37424041132117
    },
    "total_cover": {
      "bilstm_1s": 0.21227543835994886,
      "bilstm_5s": 0.5727125461984949,
      "bilstm_15s": 41.26550338453952,
      "spatial": 0.0,
      "xgb_tabular": 57.94950863090204
    }
  },
  "ablation": {
    "xgb_only": 0.8796992481203008,
    "bilstm_1_only": 0.75,
    "bilstm_5_only": 0.7929292917251587,
    "bilstm_15_only": 0.8947368264198303,
    "multiscale_bilstm_only": 0.8333333333333334,
    "multiscale_bilstm_plus_knn": 0.8416666666666667,
    "full_detector": 0.8666666666666667
  },
  "knn_sensitivity": {
    "k=3": {
      "accuracy": 0.8666666666666667,
      "graph_density": 0.022727272727272728
    },
    "k=5": {
      "accuracy": 0.8666666666666667,
      "graph_density": 0.03787878787878788
    },
    "k=7": {
      "accuracy": 0.8666666666666667,
      "graph_density": 0.05303030303030303
    },
    "k=10": {
      "accuracy": 0.8666666666666667,
      "graph_density": 0.07575757575757576
    }
  }
}