{
  "seed": 555,
  "target_speed": 15,
  "accuracy": 0.8972972972972973,
  "precision_macro": 0.8814627994955865,
  "recall_macro": 0.8488069096764749,
  "f1_macro": 0.8482088305609347,
  "precision_per_class": [
    1.0,
    0.7213114754098361,
    0.9230769230769231
  ],
  "recall_per_class": [
    0.98989898989899,
    0.9565217391304348,
    0.6
  ],
  "f1_per_class": [
    0.9949238578680203,
    0.822429906542056,
    0.7272727272727273
  ],
  "confusion_matrix": [
    [
      98,
      1,
      0
    ],
    [
      0,
      44,
      2
    ],
    [
      0,
      16,
      24
    ]
  ],
  "single_scale_acc": {
    "1s": 0.8108108043670654,
    "5s": 0.826797366142273,
    "15s": 0.9024389982223511
  },
  "xgb_only_acc": 0.9121951219512195,
  "y_true": [
    0,
    0,
    0,
    0,
    0,
    0,
    0,
    0,
    0,
    0,
    0,
    0,
    0,
    0,
    0,
    0,
    0,
    0,
    0,
    0,
    0,
    0,
    0,
    0,
    0,
    0,
    0,
    0,
    0,
    0,
    0,
    0,
    0,
    2,
    2,
    2,
    2,
    2,
    2,
    2,
    2,
    2,
    2,
    2,
    2,
    2,
    0,
    0,
    0,
    0,
    0,
    0,
    0,
    0,
    0,
    0,
    0,
    0,
    0,
    0,
    0,
    0,
    0,
    0,
    0,
    0,
    0,
    1,
    1,
    1,
    1,
    1,
    1,
    1,
    1,
    1,
    1,
    1,
    1,
    1,
    1,
    1,
    1,
    1,
    1,
    1,
    1,
    1,
    1,
    2,
    2,
    2,
    2,
    2,
    2,
    2,
    2,
    2,
    2,
    2,
    2,
    2,
    0,
    0,
    0,
    0,
    0,
    0,
    0,
    0,
    0,
    0,
    0,
    0,
    0,
    0,
    0,
    0,
    0,
    0,
    0,
    0,
    0,
    0,
    0,
    0,
    0,
    0,
    0,
    0,
    0,
    0,
    0,
    0,
    0,
    0,
    0,
    0,
    0,
    0,
    0,
    0,
    0,
    0,
    0,
    0,
    1,
    1,
    1,
    1,
    1,
    1,
    1,
    1,
    1,
    1,
    1,
    1,
    1,
    1,
    1,
    1,
    1,
    1,
    1,
    1,
    1,
    1,
    1,
    1,
    2,
    2,
    2,
    2,
    2,
    2,
    2,
    2,
    2,
    2,
    2,
    2,
    2,
    2,
    0
  ],
  "y_pred": [
    0,
    0,
    0,
    0,
    0,
    0,
    0,
    0,
    0,
    0,
    0,
    0,
    0,
    0,
    0,
    0,
    0,
    0,
    0,
    0,
    0,
    0,
    1,
    0,
    0,
    0,
    0,
    0,
    0,
    0,
    0,
    0,
    0,
    1,
    2,
    2,
    2,
    2,
    2,
    2,
    2,
    2,
    2,
    2,
    2,
    2,
    0,
    0,
    0,
    0,
    0,
    0,
    0,
    0,
    0,
    0,
    0,
    0,
    0,
    0,
    0,
    0,
    0,
    0,
    0,
    0,
    0,
    1,
    1,
    1,
    1,
    1,
    1,
    1,
    1,
    1,
    1,
    1,
    1,
    1,
    1,
    1,
    1,
    1,
    1,
    1,
    1,
    1,
    1,
    1,
    1,
    1,
    1,
    1,
    1,
    1,
    1,
    1,
    1,
    2,
    2,
    2,
    0,
    0,
    0,
    0,
    0,
    0,
    0,
    0,
    0,
    0,
    0,
    0,
    0,
    0,
    0,
    0,
    0,
    0,
    0,
    0,
    0,
    0,
    0,
    0,
    0,
    0,
    0,
    0,
    0,
    0,
    0,
    0,
    0,
    0,
    0,
    0,
    0,
    0,
    0,
    0,
    0,
    0,
    0,
    0,
    1,
    2,
    2,
    1,
    1,
    1,
    1,
    1,
    1,
    1,
    1,
    1,
    1,
    1,
    1,
    1,
    1,
    1,
    1,
    1,
    1,
    1,
    1,
    1,
    2,
    2,
    2,
    1,
    1,
    1,
    1,
    1,
    2,
    2,
    2,
    2,
    2,
    2,
    0
  ],
  "meta_feature_importance": {
    "weight": {
      "bilstm_1s": 0.48543689320388345,
      "bilstm_5s": 2.4271844660194173,
      "bilstm_15s": 41.262135922330096,
      "spatial": 0.0,
      "xgb_tabular": 55.8252427184466
    },
    "gain": {
      "bilstm_1s": 0.23851430794926137,
      "bilstm_5s": 1.6871873223415472,
      "bilstm_15s": 73.15440645734199,
      "spatial": 0.0,
      "xgb_tabular": 24.919891912367202
    },
    "cover": {
      "bilstm_1s": 0.8532773558852662,
      "bilstm_5s": 10.200788894808143,
      "bilstm_15s": 72.68878623746443,
      "spatial": 0.0,
      "xgb_tabular": 16.257147511842174
    },
    "total_gain": {
      "bilstm_1s": 0.010533956489553284,
      "bilstm_5s": 0.0745144305852399,
      "bilstm_15s": 38.849785998010574,
      "spatial": 0.0,
      "xgb_tabular": 61.06516561491464
    },
    "total_cover": {
      "bilstm_1s": 0.06960862545318598,
      "bilstm_5s": 0.8321595418045944,
      "bilstm_15s": 41.350119190029986,
      "spatial": 0.0,
      "xgb_tabular": 57.748112642712236
    }
  },
  "ablation": {
    "xgb_only": 0.9121951219512195,
    "bilstm_1_only": 0.8108108043670654,
    "bilstm_5_only": 0.826797366142273,
    "bilstm_15_only": 0.9024389982223511,
    "multiscale_bilstm_only": 0.8972972972972973,
    "multiscale_bilstm_plus_knn": 0.8972972972972973,
    "full_detector": 0.8972972972972973
  },
  "knn_sensitivity": {
    "k=3": {
      "accuracy": 0.8972972972972973,
      "graph_density": 0.014705882352941176
    },
    "k=5": {
      "accuracy": 0.8972972972972973,
      "graph_density": 0.024509803921568627
    },
    "k=7": {
      "accuracy": 0.8972972972972973,
      "graph_density": 0.03431372549019608
    },
    "k=10": {
      "accuracy": 0.8972972972972973,
      "graph_density": 0.049019607843137254
    }
  }
}