{
  "seed": 222,
  "target_speed": 15,
  "accuracy": 0.8235294117647058,
  "precision_macro": 0.889402499571991,
  "recall_macro": 0.8486460348162476,
  "f1_macro": 0.8541108028972105,
  "precision_per_class": [
    1.0,
    0.7288135593220338,
    0.9393939393939394
  ],
  "recall_per_class": [
    0.9090909090909091,
    0.9772727272727273,
    0.6595744680851063
  ],
  "f1_per_class": [
    0.9523809523809523,
    0.8349514563106796,
    0.775
  ],
  "confusion_matrix": [
    [
      10,
      0,
      1
    ],
    [
      0,
      43,
      1
    ],
    [
      0,
      16,
      31
    ]
  ],
  "single_scale_acc": {
    "1s": 0.6339285969734192,
    "5s": 0.6432748436927795,
    "15s": 0.813725471496582
  },
  "xgb_only_acc": 0.8333333333333334,
  "y_true": [
    2,
    2,
    2,
    2,
    2,
    2,
    2,
    2,
    2,
    2,
    2,
    2,
    2,
    2,
    2,
    2,
    2,
    2,
    2,
    2,
    2,
    2,
    2,
    0,
    0,
    0,
    0,
    0,
    0,
    0,
    0,
    0,
    0,
    0,
    2,
    2,
    2,
    2,
    2,
    2,
    2,
    2,
    2,
    2,
    2,
    1,
    1,
    1,
    1,
    1,
    1,
    1,
    1,
    1,
    1,
    1,
    1,
    1,
    1,
    1,
    1,
    1,
    1,
    1,
    1,
    1,
    1,
    1,
    1,
    2,
    2,
    2,
    2,
    2,
    2,
    2,
    2,
    2,
    2,
    2,
    2,
    2,
    1,
    1,
    1,
    1,
    1,
    1,
    1,
    1,
    1,
    1,
    1,
    1,
    1,
    1,
    1,
    1,
    1,
    1,
    1,
    1
  ],
  "y_pred": [
    1,
    1,
    1,
    1,
    2,
    2,
    2,
    2,
    2,
    1,
    1,
    1,
    2,
    2,
    2,
    2,
    2,
    2,
    2,
    2,
    2,
    2,
    2,
    2,
    0,
    0,
    0,
    0,
    0,
    0,
    0,
    0,
    0,
    0,
    1,
    1,
    1,
    2,
    2,
    2,
    2,
    2,
    2,
    2,
    2,
    1,
    1,
    2,
    1,
    1,
    1,
    1,
    1,
    1,
    1,
    1,
    1,
    1,
    1,
    1,
    1,
    1,
    1,
    1,
    1,
    1,
    1,
    1,
    1,
    1,
    1,
    1,
    1,
    1,
    1,
    2,
    2,
    2,
    2,
    2,
    2,
    2,
    1,
    1,
    1,
    1,
    1,
    1,
    1,
    1,
    1,
    1,
    1,
    1,
    1,
    1,
    1,
    1,
    1,
    1,
    1,
    1
  ],
  "meta_feature_importance": {
    "weight": {
      "bilstm_1s": 0.6779661016949152,
      "bilstm_5s": 2.0338983050847457,
      "bilstm_15s": 41.01694915254237,
      "spatial": 0.0,
      "xgb_tabular": 56.271186440677965
    },
    "gain": {
      "bilstm_1s": 0.11033667829651105,
      "bilstm_5s": 0.6406810649953149,
      "bilstm_15s": 84.31256143146895,
      "spatial": 0.0,
      "xgb_tabular": 14.936420825239233
    },
    "cover": {
      "bilstm_1s": 6.033263602710162,
      "bilstm_5s": 11.655517008440459,
      "bilstm_15s": 73.65033371080018,
      "spatial": 0.0,
      "xgb_tabular": 8.660885678049194
    },
    "total_gain": {
      "bilstm_1s": 0.005707542989231259,
      "bilstm_5s": 0.03314142474926087,
      "bilstm_15s": 41.26985704153869,
      "spatial": 0.0,
      "xgb_tabular": 58.69129399072281
    },
    "total_cover": {
      "bilstm_1s": 0.5532749473603967,
      "bilstm_5s": 1.068858578697991,
      "bilstm_15s": 43.999310226850845,
      "spatial": 0.0,
      "xgb_tabular": 54.37855624709077
    }
  },
  "ablation": {
    "xgb_only": 0.8333333333333334,
    "bilstm_1_only": 0.6339285969734192,
    "bilstm_5_only": 0.6432748436927795,
    "bilstm_15_only": 0.813725471496582,
    "multiscale_bilstm_only": 0.8921568627450981,
    "multiscale_bilstm_plus_knn": 0.8921568627450981,
    "full_detector": 0.8235294117647058
  },
  "knn_sensitivity": {
    "k=3": {
      "accuracy": 0.8235294117647058,
      "graph_density": 0.0297029702970297
    },
    "k=5": {
      "accuracy": 0.8235294117647058,
      "graph_density": 0.04950495049504951
    },
    "k=7": {
      "accuracy": 0.8235294117647058,
      "graph_density": 0.06930693069306931
    },
    "k=10": {
      "accuracy": 0.8235294117647058,
      "graph_density": 0.09900990099009901
    }
  }
}