{
  "seed": 444,
  "target_speed": 15,
  "accuracy": 0.8707865168539326,
  "precision_macro": 0.8513628146293978,
  "recall_macro": 0.8553704492229083,
  "f1_macro": 0.8494007091085939,
  "precision_per_class": [
    0.95,
    0.7021276595744681,
    0.9019607843137255
  ],
  "recall_per_class": [
    0.987012987012987,
    0.825,
    0.7540983606557377
  ],
  "f1_per_class": [
    0.9681528662420382,
    0.7586206896551724,
    0.8214285714285714
  ],
  "confusion_matrix": [
    [
      76,
      1,
      0
    ],
    [
      2,
      33,
      5
    ],
    [
      2,
      13,
      46
    ]
  ],
  "single_scale_acc": {
    "1s": 0.7409326434135437,
    "5s": 0.7429577708244324,
    "15s": 0.8539325594902039
  },
  "xgb_only_acc": 0.9101123595505618,
  "y_true": [
    2,
    2,
    2,
    2,
    2,
    2,
    2,
    2,
    2,
    2,
    2,
    2,
    2,
    2,
    0,
    0,
    0,
    0,
    0,
    0,
    0,
    0,
    0,
    0,
    0,
    1,
    1,
    1,
    1,
    1,
    1,
    1,
    1,
    1,
    1,
    1,
    1,
    1,
    1,
    1,
    1,
    1,
    1,
    2,
    2,
    2,
    2,
    2,
    2,
    2,
    2,
    1,
    1,
    1,
    1,
    1,
    1,
    1,
    1,
    1,
    1,
    1,
    1,
    1,
    1,
    1,
    1,
    1,
    1,
    1,
    1,
    1,
    1,
    2,
    2,
    2,
    2,
    2,
    2,
    2,
    2,
    2,
    2,
    2,
    2,
    2,
    0,
    0,
    0,
    0,
    0,
    0,
    0,
    0,
    0,
    0,
    0,
    0,
    0,
    0,
    0,
    0,
    0,
    0,
    0,
    0,
    0,
    0,
    2,
    2,
    2,
    2,
    2,
    2,
    2,
    2,
    2,
    2,
    2,
    2,
    2,
    0,
    0,
    0,
    0,
    0,
    0,
    0,
    0,
    0,
    0,
    0,
    0,
    0,
    0,
    0,
    0,
    0,
    0,
    0,
    0,
    0,
    0,
    0,
    0,
    0,
    0,
    0,
    0,
    0,
    0,
    0,
    0,
    0,
    0,
    0,
    0,
    0,
    0,
    0,
    0,
    0,
    0,
    0,
    0,
    2,
    2,
    2,
    2,
    2,
    2,
    2,
    2,
    2,
    2,
    2,
    2,
    2
  ],
  "y_pred": [
    2,
    2,
    2,
    2,
    2,
    2,
    2,
    2,
    2,
    2,
    2,
    2,
    2,
    2,
    1,
    0,
    0,
    0,
    0,
    0,
    0,
    0,
    0,
    0,
    0,
    2,
    2,
    2,
    1,
    1,
    1,
    1,
    1,
    1,
    1,
    1,
    1,
    1,
    1,
    1,
    1,
    1,
    1,
    2,
    2,
    2,
    2,
    2,
    2,
    2,
    2,
    0,
    0,
    2,
    2,
    1,
    1,
    1,
    1,
    1,
    1,
    1,
    1,
    1,
    1,
    1,
    1,
    1,
    1,
    1,
    1,
    1,
    1,
    0,
    0,
    2,
    2,
    2,
    1,
    1,
    1,
    1,
    1,
    2,
    2,
    2,
    0,
    0,
    0,
    0,
    0,
    0,
    0,
    0,
    0,
    0,
    0,
    0,
    0,
    0,
    0,
    0,
    0,
    0,
    0,
    0,
    0,
    0,
    1,
    1,
    1,
    1,
    1,
    1,
    2,
    2,
    2,
    2,
    2,
    2,
    2,
    0,
    0,
    0,
    0,
    0,
    0,
    0,
    0,
    0,
    0,
    0,
    0,
    0,
    0,
    0,
    0,
    0,
    0,
    0,
    0,
    0,
    0,
    0,
    0,
    0,
    0,
    0,
    0,
    0,
    0,
    0,
    0,
    0,
    0,
    0,
    0,
    0,
    0,
    0,
    0,
    0,
    0,
    0,
    0,
    1,
    1,
    2,
    2,
    2,
    2,
    2,
    2,
    2,
    2,
    2,
    2,
    2
  ],
  "meta_feature_importance": {
    "weight": {
      "bilstm_1s": 2.717391304347826,
      "bilstm_5s": 1.0869565217391304,
      "bilstm_15s": 42.934782608695656,
      "spatial": 0.0,
      "xgb_tabular": 53.2608695652174
    },
    "gain": {
      "bilstm_1s": 1.8594909782835247,
      "bilstm_5s": 0.5506314435721611,
      "bilstm_15s": 58.663684093777334,
      "spatial": 0.0,
      "xgb_tabular": 38.926193484366976
    },
    "cover": {
      "bilstm_1s": 11.4644167234696,
      "bilstm_5s": 5.708364223944503,
      "bilstm_15s": 59.67540019192491,
      "spatial": 0.0,
      "xgb_tabular": 23.15181886066099
    },
    "total_gain": {
      "bilstm_1s": 0.10416051749974457,
      "bilstm_5s": 0.05456893362780207,
      "bilstm_15s": 41.16143969173753,
      "spatial": 0.0,
      "xgb_tabular": 58.67983085713493
    },
    "total_cover": {
      "bilstm_1s": 0.8919872750528423,
      "bilstm_5s": 0.8139995256027618,
      "bilstm_15s": 43.82941170692812,
      "spatial": 0.0,
      "xgb_tabular": 54.46460149241628
    }
  },
  "ablation": {
    "xgb_only": 0.9101123595505618,
    "bilstm_1_only": 0.7409326434135437,
    "bilstm_5_only": 0.7429577708244324,
    "bilstm_15_only": 0.8539325594902039,
    "multiscale_bilstm_only": 0.9213483146067416,
    "multiscale_bilstm_plus_knn": 0.9157303370786517,
    "full_detector": 0.8707865168539326
  },
  "knn_sensitivity": {
    "k=3": {
      "accuracy": 0.8707865168539326,
      "graph_density": 0.01694915254237288
    },
    "k=5": {
      "accuracy": 0.8707865168539326,
      "graph_density": 0.02824858757062147
    },
    "k=7": {
      "accuracy": 0.8707865168539326,
      "graph_density": 0.03954802259887006
    },
    "k=10": {
      "accuracy": 0.8707865168539326,
      "graph_density": 0.05649717514124294
    }
  }
}