{
  "seed": 13,
  "target_speed": 15,
  "accuracy": 0.8597560975609756,
  "precision_macro": 0.8583333333333334,
  "recall_macro": 0.8513314599223872,
  "f1_macro": 0.8459116336716578,
  "precision_per_class": [
    1.0,
    0.7,
    0.875
  ],
  "recall_per_class": [
    1.0,
    0.8936170212765957,
    0.660377358490566
  ],
  "f1_per_class": [
    1.0,
    0.7850467289719626,
    0.7526881720430108
  ],
  "confusion_matrix": [
    [
      64,
      0,
      0
    ],
    [
      0,
      42,
      5
    ],
    [
      0,
      18,
      35
    ]
  ],
  "single_scale_acc": {
    "1s": 0.7256097793579102,
    "5s": 0.7890909314155579,
    "15s": 0.8918918967247009
  },
  "xgb_only_acc": 0.8702702702702703,
  "y_true": [
    1,
    1,
    1,
    1,
    1,
    1,
    1,
    1,
    1,
    1,
    1,
    1,
    1,
    1,
    1,
    1,
    1,
    1,
    1,
    1,
    1,
    1,
    1,
    0,
    0,
    0,
    0,
    0,
    0,
    0,
    0,
    0,
    0,
    0,
    0,
    0,
    0,
    0,
    0,
    0,
    0,
    0,
    0,
    0,
    0,
    2,
    2,
    2,
    2,
    2,
    2,
    2,
    2,
    2,
    2,
    2,
    2,
    2,
    2,
    2,
    2,
    2,
    2,
    2,
    2,
    2,
    2,
    2,
    2,
    2,
    2,
    2,
    2,
    2,
    2,
    2,
    2,
    2,
    2,
    2,
    2,
    2,
    2,
    2,
    2,
    0,
    0,
    0,
    0,
    0,
    0,
    0,
    0,
    0,
    0,
    0,
    0,
    0,
    0,
    0,
    0,
    0,
    0,
    0,
    0,
    0,
    0,
    1,
    1,
    1,
    1,
    1,
    1,
    1,
    1,
    1,
    1,
    1,
    1,
    1,
    1,
    1,
    1,
    1,
    1,
    1,
    1,
    1,
    1,
    1,
    1,
    2,
    2,
    2,
    2,
    2,
    2,
    2,
    2,
    2,
    2,
    2,
    2,
    2,
    0,
    0,
    0,
    0,
    0,
    0,
    0,
    0,
    0,
    0,
    0,
    0,
    0,
    0,
    0,
    0,
    0,
    0,
    0,
    0
  ],
  "y_pred": [
    2,
    2,
    2,
    2,
    1,
    1,
    1,
    1,
    1,
    1,
    1,
    1,
    1,
    1,
    1,
    1,
    1,
    1,
    1,
    1,
    1,
    1,
    1,
    0,
    0,
    0,
    0,
    0,
    0,
    0,
    0,
    0,
    0,
    0,
    0,
    0,
    0,
    0,
    0,
    0,
    0,
    0,
    0,
    0,
    0,
    1,
    1,
    1,
    2,
    2,
    2,
    2,
    2,
    2,
    2,
    2,
    2,
    2,
    2,
    1,
    2,
    2,
    2,
    2,
    2,
    2,
    2,
    2,
    2,
    2,
    2,
    2,
    1,
    1,
    1,
    1,
    1,
    1,
    1,
    1,
    1,
    1,
    2,
    2,
    2,
    0,
    0,
    0,
    0,
    0,
    0,
    0,
    0,
    0,
    0,
    0,
    0,
    0,
    0,
    0,
    0,
    0,
    0,
    0,
    0,
    0,
    0,
    2,
    1,
    1,
    1,
    1,
    1,
    1,
    1,
    1,
    1,
    1,
    1,
    1,
    1,
    1,
    1,
    1,
    1,
    1,
    1,
    1,
    1,
    1,
    1,
    2,
    2,
    1,
    1,
    1,
    1,
    2,
    2,
    2,
    2,
    2,
    2,
    2,
    0,
    0,
    0,
    0,
    0,
    0,
    0,
    0,
    0,
    0,
    0,
    0,
    0,
    0,
    0,
    0,
    0,
    0,
    0,
    0
  ],
  "meta_feature_importance": {
    "weight": {
      "bilstm_1s": 2.788844621513944,
      "bilstm_5s": 1.9920318725099602,
      "bilstm_15s": 45.81673306772908,
      "spatial": 0.398406374501992,
      "xgb_tabular": 49.00398406374502
    },
    "gain": {
      "bilstm_1s": 2.2147375365105697,
      "bilstm_5s": 1.815318572294677,
      "bilstm_15s": 82.82591325375478,
      "spatial": 0.36536302758863337,
      "xgb_tabular": 12.778667609851338
    },
    "cover": {
      "bilstm_1s": 13.105709379509412,
      "bilstm_5s": 2.9192642221838443,
      "bilstm_15s": 68.42933230913614,
      "spatial": 4.7550726933194465,
      "xgb_tabular": 10.790621395851154
    },
    "total_gain": {
      "bilstm_1s": 0.2177890445515371,
      "bilstm_5s": 0.1784685862687459,
      "bilstm_15s": 53.12020632694331,
      "spatial": 0.02348956819587427,
      "xgb_tabular": 46.46004647404053
    },
    "total_cover": {
      "bilstm_1s": 1.8334988169260737,
      "bilstm_5s": 0.5300725531184731,
      "bilstm_15s": 52.69421987794751,
      "spatial": 0.3989946397490114,
      "xgb_tabular": 44.54321411225893
    }
  },
  "ablation": {
    "xgb_only": 0.8702702702702703,
    "bilstm_1_only": 0.7256097793579102,
    "bilstm_5_only": 0.7890909314155579,
    "bilstm_15_only": 0.8918918967247009,
    "multiscale_bilstm_only": 0.9024390243902439,
    "multiscale_bilstm_plus_knn": 0.8963414634146342,
    "full_detector": 0.8597560975609756
  },
  "knn_sensitivity": {
    "k=3": {
      "accuracy": 0.8597560975609756,
      "graph_density": 0.016304347826086956
    },
    "k=5": {
      "accuracy": 0.8597560975609756,
      "graph_density": 0.02717391304347826
    },
    "k=7": {
      "accuracy": 0.8597560975609756,
      "graph_density": 0.03804347826086957
    },
    "k=10": {
      "accuracy": 0.8597560975609756,
      "graph_density": 0.05434782608695652
    }
  }
}