{
  "seed": 99,
  "target_speed": 15,
  "accuracy": 0.9107142857142857,
  "precision_macro": 0.8119658119658119,
  "recall_macro": 0.8117948717948718,
  "f1_macro": 0.811096196868009,
  "precision_per_class": [
    1.0,
    0.7692307692307693,
    0.6666666666666666
  ],
  "recall_per_class": [
    0.9866666666666667,
    0.8333333333333334,
    0.6153846153846154
  ],
  "f1_per_class": [
    0.9932885906040269,
    0.8,
    0.64
  ],
  "confusion_matrix": [
    [
      74,
      1,
      0
    ],
    [
      0,
      20,
      4
    ],
    [
      0,
      5,
      8
    ]
  ],
  "single_scale_acc": {
    "1s": 0.8333333134651184,
    "5s": 0.8604651093482971,
    "15s": 0.8928571343421936
  },
  "xgb_only_acc": 0.8660714285714286,
  "y_true": [
    0,
    0,
    0,
    0,
    0,
    0,
    0,
    0,
    0,
    0,
    0,
    0,
    0,
    0,
    0,
    0,
    0,
    0,
    0,
    0,
    0,
    0,
    0,
    0,
    0,
    0,
    0,
    0,
    0,
    0,
    0,
    0,
    0,
    0,
    0,
    0,
    0,
    0,
    0,
    0,
    0,
    0,
    0,
    0,
    0,
    0,
    0,
    0,
    0,
    0,
    0,
    0,
    0,
    0,
    1,
    1,
    1,
    1,
    1,
    1,
    1,
    1,
    1,
    1,
    1,
    1,
    1,
    1,
    1,
    1,
    1,
    1,
    1,
    1,
    1,
    1,
    1,
    1,
    2,
    2,
    2,
    2,
    2,
    2,
    2,
    2,
    2,
    2,
    2,
    2,
    2,
    0,
    0,
    0,
    0,
    0,
    0,
    0,
    0,
    0,
    0,
    0,
    0,
    0,
    0,
    0,
    0,
    0,
    0,
    0,
    0,
    0
  ],
  "y_pred": [
    1,
    0,
    0,
    0,
    0,
    0,
    0,
    0,
    0,
    0,
    0,
    0,
    0,
    0,
    0,
    0,
    0,
    0,
    0,
    0,
    0,
    0,
    0,
    0,
    0,
    0,
    0,
    0,
    0,
    0,
    0,
    0,
    0,
    0,
    0,
    0,
    0,
    0,
    0,
    0,
    0,
    0,
    0,
    0,
    0,
    0,
    0,
    0,
    0,
    0,
    0,
    0,
    0,
    0,
    2,
    2,
    2,
    1,
    1,
    2,
    1,
    1,
    1,
    1,
    1,
    1,
    1,
    1,
    1,
    1,
    1,
    1,
    1,
    1,
    1,
    1,
    1,
    1,
    1,
    2,
    1,
    1,
    1,
    1,
    2,
    2,
    2,
    2,
    2,
    2,
    2,
    0,
    0,
    0,
    0,
    0,
    0,
    0,
    0,
    0,
    0,
    0,
    0,
    0,
    0,
    0,
    0,
    0,
    0,
    0,
    0,
    0
  ],
  "meta_feature_importance": {
    "weight": {
      "bilstm_1s": 2.5,
      "bilstm_5s": 0.0,
      "bilstm_15s": 45.5,
      "spatial": 0.5,
      "xgb_tabular": 51.5
    },
    "gain": {
      "bilstm_1s": 2.0374454883453708,
      "bilstm_5s": 0.0,
      "bilstm_15s": 83.45529044506588,
      "spatial": 0.19435134587898964,
      "xgb_tabular": 14.312912720709761
    },
    "cover": {
      "bilstm_1s": 8.338783770964481,
      "bilstm_5s": 0.0,
      "bilstm_15s": 78.04080815915306,
      "spatial": 0.7311858753328873,
      "xgb_tabular": 12.889222194549566
    },
    "total_gain": {
      "bilstm_1s": 0.15278492731651616,
      "bilstm_5s": 0.0,
      "bilstm_15s": 46.63832517807778,
      "spatial": 0.014574110779328516,
      "xgb_tabular": 53.194315783826376
    },
    "total_cover": {
      "bilstm_1s": 0.7141438328797783,
      "bilstm_5s": 0.0,
      "bilstm_15s": 48.3685492161521,
      "spatial": 0.06261966947457955,
      "xgb_tabular": 50.85468728149355
    }
  },
  "ablation": {
    "xgb_only": 0.8660714285714286,
    "bilstm_1_only": 0.8333333134651184,
    "bilstm_5_only": 0.8604651093482971,
    "bilstm_15_only": 0.8928571343421936,
    "multiscale_bilstm_only": 0.9285714285714286,
    "multiscale_bilstm_plus_knn": 0.9285714285714286,
    "full_detector": 0.9107142857142857
  },
  "knn_sensitivity": {
    "k=3": {
      "accuracy": 0.9107142857142857,
      "graph_density": 0.02702702702702703
    },
    "k=5": {
      "accuracy": 0.9107142857142857,
      "graph_density": 0.04504504504504504
    },
    "k=7": {
      "accuracy": 0.9107142857142857,
      "graph_density": 0.06306306306306306
    },
    "k=10": {
      "accuracy": 0.9107142857142857,
      "graph_density": 0.09009009009009009
    }
  }
}