{
  "seed": 42,
  "target_speed": 15,
  "accuracy": 0.9285714285714286,
  "precision_macro": 0.6559139784946236,
  "recall_macro": 0.5833333333333334,
  "f1_macro": 0.613583138173302,
  "precision_per_class": [
    0.967741935483871,
    0.0,
    1.0
  ],
  "recall_per_class": [
    1.0,
    0.0,
    0.75
  ],
  "f1_per_class": [
    0.9836065573770492,
    0.0,
    0.8571428571428571
  ],
  "confusion_matrix": [
    [
      60,
      0,
      0
    ],
    [
      0,
      0,
      0
    ],
    [
      2,
      4,
      18
    ]
  ],
  "single_scale_acc": {
    "1s": 0.7684210538864136,
    "5s": 0.7938931584358215,
    "15s": 0.9404761791229248
  },
  "xgb_only_acc": 0.9523809523809523,
  "y_true": [
    0,
    0,
    0,
    0,
    0,
    0,
    0,
    0,
    0,
    0,
    0,
    0,
    0,
    0,
    0,
    0,
    0,
    0,
    0,
    0,
    0,
    0,
    0,
    0,
    0,
    0,
    0,
    0,
    0,
    0,
    0,
    0,
    0,
    0,
    0,
    0,
    0,
    0,
    2,
    2,
    2,
    2,
    2,
    2,
    2,
    2,
    2,
    2,
    2,
    0,
    0,
    0,
    0,
    0,
    0,
    0,
    0,
    0,
    0,
    0,
    0,
    0,
    0,
    0,
    0,
    0,
    0,
    0,
    0,
    0,
    0,
    2,
    2,
    2,
    2,
    2,
    2,
    2,
    2,
    2,
    2,
    2,
    2,
    2
  ],
  "y_pred": [
    0,
    0,
    0,
    0,
    0,
    0,
    0,
    0,
    0,
    0,
    0,
    0,
    0,
    0,
    0,
    0,
    0,
    0,
    0,
    0,
    0,
    0,
    0,
    0,
    0,
    0,
    0,
    0,
    0,
    0,
    0,
    0,
    0,
    0,
    0,
    0,
    0,
    0,
    2,
    1,
    1,
    2,
    2,
    2,
    2,
    2,
    2,
    2,
    2,
    0,
    0,
    0,
    0,
    0,
    0,
    0,
    0,
    0,
    0,
    0,
    0,
    0,
    0,
    0,
    0,
    0,
    0,
    0,
    0,
    0,
    0,
    1,
    1,
    0,
    0,
    2,
    2,
    2,
    2,
    2,
    2,
    2,
    2,
    2
  ],
  "meta_feature_importance": {
    "weight": {
      "bilstm_1s": 3.669724770642202,
      "bilstm_5s": 0.9174311926605505,
      "bilstm_15s": 38.99082568807339,
      "spatial": 1.834862385321101,
      "xgb_tabular": 54.58715596330275
    },
    "gain": {
      "bilstm_1s": 0.21412538019420577,
      "bilstm_5s": 0.12438123836829365,
      "bilstm_15s": 82.68180614279832,
      "spatial": 0.1250743902608662,
      "xgb_tabular": 16.854612848378316
    },
    "cover": {
      "bilstm_1s": 13.636344799230358,
      "bilstm_5s": 0.5688750077915569,
      "bilstm_15s": 62.90154428577964,
      "spatial": 8.74386768356261,
      "xgb_tabular": 14.149368223635827
    },
    "total_gain": {
      "bilstm_1s": 0.021939319328688527,
      "bilstm_5s": 0.014897294637733306,
      "bilstm_15s": 43.36448739389093,
      "spatial": 0.016301270182099592,
      "xgb_tabular": 56.58237472196055
    },
    "total_cover": {
      "bilstm_1s": 1.6556069497911792,
      "bilstm_5s": 0.09371705565039536,
      "bilstm_15s": 42.50062649985024,
      "spatial": 1.612330698394155,
      "xgb_tabular": 54.137718796314026
    }
  },
  "ablation": {
    "xgb_only": 0.9523809523809523,
    "bilstm_1_only": 0.7684210538864136,
    "bilstm_5_only": 0.7938931584358215,
    "bilstm_15_only": 0.9404761791229248,
    "multiscale_bilstm_only": 0.9166666666666666,
    "multiscale_bilstm_plus_knn": 0.9166666666666666,
    "full_detector": 0.9285714285714286
  },
  "knn_sensitivity": {
    "k=3": {
      "accuracy": 0.9285714285714286,
      "graph_density": 0.03614457831325301
    },
    "k=5": {
      "accuracy": 0.9285714285714286,
      "graph_density": 0.060240963855421686
    },
    "k=7": {
      "accuracy": 0.9285714285714286,
      "graph_density": 0.08433734939759036
    },
    "k=10": {
      "accuracy": 0.9285714285714286,
      "graph_density": 0.12048192771084337
    }
  }
}