{
  "seed": 33,
  "target_speed": 15,
  "accuracy": 0.8454545454545455,
  "precision_macro": 0.6666666666666666,
  "recall_macro": 0.5879629629629629,
  "f1_macro": 0.6220472440944882,
  "precision_per_class": [
    1.0,
    1.0,
    0.0
  ],
  "recall_per_class": [
    1.0,
    0.7638888888888888,
    0.0
  ],
  "f1_per_class": [
    1.0,
    0.8661417322834646,
    0.0
  ],
  "confusion_matrix": [
    [
      38,
      0,
      0
    ],
    [
      0,
      55,
      17
    ],
    [
      0,
      0,
      0
    ]
  ],
  "single_scale_acc": {
    "1s": 0.791304349899292,
    "5s": 0.7701863646507263,
    "15s": 0.8545454740524292
  },
  "xgb_only_acc": 0.8454545454545455,
  "y_true": [
    1,
    1,
    1,
    1,
    1,
    1,
    1,
    1,
    1,
    1,
    1,
    1,
    1,
    1,
    1,
    1,
    1,
    1,
    1,
    1,
    1,
    1,
    1,
    1,
    0,
    0,
    0,
    0,
    0,
    0,
    0,
    0,
    0,
    0,
    0,
    0,
    0,
    0,
    0,
    0,
    1,
    1,
    1,
    1,
    1,
    1,
    1,
    1,
    1,
    1,
    1,
    1,
    1,
    1,
    1,
    1,
    1,
    1,
    1,
    1,
    1,
    1,
    1,
    1,
    0,
    0,
    0,
    0,
    0,
    0,
    0,
    0,
    0,
    0,
    0,
    0,
    0,
    0,
    0,
    0,
    0,
    0,
    0,
    0,
    0,
    0,
    1,
    1,
    1,
    1,
    1,
    1,
    1,
    1,
    1,
    1,
    1,
    1,
    1,
    1,
    1,
    1,
    1,
    1,
    1,
    1,
    1,
    1,
    1,
    1
  ],
  "y_pred": [
    2,
    2,
    2,
    2,
    2,
    2,
    1,
    1,
    1,
    1,
    1,
    1,
    1,
    1,
    1,
    1,
    1,
    1,
    1,
    1,
    1,
    1,
    1,
    1,
    0,
    0,
    0,
    0,
    0,
    0,
    0,
    0,
    0,
    0,
    0,
    0,
    0,
    0,
    0,
    0,
    2,
    2,
    2,
    2,
    2,
    2,
    1,
    1,
    1,
    1,
    1,
    1,
    1,
    1,
    1,
    1,
    1,
    1,
    1,
    1,
    1,
    1,
    1,
    1,
    0,
    0,
    0,
    0,
    0,
    0,
    0,
    0,
    0,
    0,
    0,
    0,
    0,
    0,
    0,
    0,
    0,
    0,
    0,
    0,
    0,
    0,
    2,
    2,
    2,
    2,
    2,
    1,
    1,
    1,
    1,
    1,
    1,
    1,
    1,
    1,
    1,
    1,
    1,
    1,
    1,
    1,
    1,
    1,
    1,
    1
  ],
  "meta_feature_importance": {
    "weight": {
      "bilstm_1s": 0.0,
      "bilstm_5s": 6.302521008403361,
      "bilstm_15s": 41.17647058823529,
      "spatial": 2.100840336134454,
      "xgb_tabular": 50.42016806722689
    },
    "gain": {
      "bilstm_1s": 0.0,
      "bilstm_5s": 2.39414256063686,
      "bilstm_15s": 77.85009402608513,
      "spatial": 0.3535082351496713,
      "xgb_tabular": 19.40225517812834
    },
    "cover": {
      "bilstm_1s": 0.0,
      "bilstm_5s": 26.339662784540895,
      "bilstm_15s": 52.094373460467615,
      "spatial": 9.55441018886623,
      "xgb_tabular": 12.011553566125261
    },
    "total_gain": {
      "bilstm_1s": 0.0,
      "bilstm_5s": 0.21213037987085032,
      "bilstm_15s": 43.161494735454795,
      "spatial": 0.05822868946315793,
      "xgb_tabular": 56.5681461952112
    },
    "total_cover": {
      "bilstm_1s": 0.0,
      "bilstm_5s": 4.559521490275068,
      "bilstm_15s": 43.84802429264416,
      "spatial": 1.9493988093866683,
      "xgb_tabular": 49.643055407694106
    }
  },
  "ablation": {
    "xgb_only": 0.8454545454545455,
    "bilstm_1_only": 0.791304349899292,
    "bilstm_5_only": 0.7701863646507263,
    "bilstm_15_only": 0.8545454740524292,
    "multiscale_bilstm_only": 0.9363636363636364,
    "multiscale_bilstm_plus_knn": 0.9363636363636364,
    "full_detector": 0.8454545454545455
  },
  "knn_sensitivity": {
    "k=3": {
      "accuracy": 0.8454545454545455,
      "graph_density": 0.027522935779816515
    },
    "k=5": {
      "accuracy": 0.8454545454545455,
      "graph_density": 0.045871559633027525
    },
    "k=7": {
      "accuracy": 0.8454545454545455,
      "graph_density": 0.06422018348623854
    },
    "k=10": {
      "accuracy": 0.8454545454545455,
      "graph_density": 0.09174311926605505
    }
  }
}