{
  "seed": 21,
  "target_speed": 15,
  "accuracy": 0.8978723404255319,
  "precision_macro": 0.9241402116402117,
  "recall_macro": 0.8818684355997789,
  "f1_macro": 0.8889674681753889,
  "precision_per_class": [
    1.0,
    0.7946428571428571,
    0.9777777777777777
  ],
  "recall_per_class": [
    1.0,
    0.9888888888888889,
    0.6567164179104478
  ],
  "f1_per_class": [
    1.0,
    0.8811881188118812,
    0.7857142857142857
  ],
  "confusion_matrix": [
    [
      78,
      0,
      0
    ],
    [
      0,
      89,
      1
    ],
    [
      0,
      23,
      44
    ]
  ],
  "single_scale_acc": {
    "1s": 0.7245762944221497,
    "5s": 0.800561785697937,
    "15s": 0.8936170339584351
  },
  "xgb_only_acc": 0.902127659574468,
  "y_true": [
    2,
    2,
    2,
    2,
    2,
    2,
    2,
    2,
    2,
    2,
    2,
    2,
    2,
    2,
    2,
    2,
    2,
    2,
    2,
    2,
    2,
    2,
    2,
    2,
    2,
    2,
    2,
    0,
    0,
    0,
    0,
    0,
    0,
    0,
    0,
    0,
    0,
    0,
    0,
    0,
    0,
    0,
    0,
    1,
    1,
    1,
    1,
    1,
    1,
    1,
    1,
    1,
    1,
    1,
    1,
    1,
    1,
    1,
    1,
    1,
    1,
    1,
    1,
    1,
    1,
    2,
    2,
    2,
    2,
    2,
    2,
    2,
    2,
    2,
    2,
    2,
    2,
    2,
    1,
    1,
    1,
    1,
    1,
    1,
    1,
    1,
    1,
    1,
    1,
    1,
    1,
    1,
    1,
    1,
    1,
    1,
    1,
    1,
    1,
    1,
    1,
    2,
    2,
    2,
    2,
    2,
    2,
    2,
    2,
    2,
    2,
    2,
    2,
    2,
    0,
    0,
    0,
    0,
    0,
    0,
    0,
    0,
    0,
    0,
    0,
    0,
    0,
    0,
    0,
    0,
    0,
    0,
    0,
    1,
    1,
    1,
    1,
    1,
    1,
    1,
    1,
    1,
    1,
    1,
    1,
    1,
    1,
    1,
    1,
    1,
    1,
    1,
    1,
    1,
    0,
    0,
    0,
    0,
    0,
    0,
    0,
    0,
    0,
    0,
    0,
    0,
    0,
    0,
    0,
    0,
    0,
    0,
    0,
    0,
    0,
    0,
    0,
    0,
    0,
    0,
    0,
    0,
    0,
    0,
    0,
    0,
    0,
    0,
    0,
    0,
    0,
    0,
    0,
    0,
    0,
    0,
    0,
    1,
    1,
    1,
    1,
    1,
    1,
    1,
    1,
    1,
    1,
    1,
    1,
    1,
    1,
    1,
    1,
    1,
    1,
    1,
    1,
    1,
    1,
    1,
    1,
    2,
    2,
    2,
    2,
    2,
    2,
    2,
    2,
    2,
    2,
    2,
    2,
    2,
    2
  ],
  "y_pred": [
    2,
    1,
    2,
    2,
    2,
    2,
    2,
    2,
    2,
    2,
    2,
    2,
    2,
    2,
    1,
    2,
    2,
    2,
    2,
    2,
    2,
    2,
    2,
    2,
    2,
    2,
    2,
    0,
    0,
    0,
    0,
    0,
    0,
    0,
    0,
    0,
    0,
    0,
    0,
    0,
    0,
    0,
    0,
    1,
    1,
    1,
    1,
    1,
    1,
    1,
    1,
    1,
    1,
    1,
    1,
    1,
    1,
    1,
    1,
    1,
    1,
    1,
    1,
    1,
    1,
    1,
    1,
    1,
    1,
    1,
    1,
    1,
    1,
    1,
    1,
    2,
    2,
    2,
    2,
    1,
    1,
    1,
    1,
    1,
    1,
    1,
    1,
    1,
    1,
    1,
    1,
    1,
    1,
    1,
    1,
    1,
    1,
    1,
    1,
    1,
    1,
    1,
    1,
    1,
    1,
    1,
    1,
    2,
    2,
    2,
    2,
    2,
    2,
    2,
    0,
    0,
    0,
    0,
    0,
    0,
    0,
    0,
    0,
    0,
    0,
    0,
    0,
    0,
    0,
    0,
    0,
    0,
    0,
    1,
    1,
    1,
    1,
    1,
    1,
    1,
    1,
    1,
    1,
    1,
    1,
    1,
    1,
    1,
    1,
    1,
    1,
    1,
    1,
    1,
    0,
    0,
    0,
    0,
    0,
    0,
    0,
    0,
    0,
    0,
    0,
    0,
    0,
    0,
    0,
    0,
    0,
    0,
    0,
    0,
    0,
    0,
    0,
    0,
    0,
    0,
    0,
    0,
    0,
    0,
    0,
    0,
    0,
    0,
    0,
    0,
    0,
    0,
    0,
    0,
    0,
    0,
    0,
    1,
    1,
    1,
    1,
    1,
    1,
    1,
    1,
    1,
    1,
    1,
    1,
    1,
    1,
    1,
    1,
    1,
    1,
    1,
    1,
    1,
    1,
    1,
    1,
    2,
    1,
    1,
    1,
    1,
    1,
    2,
    2,
    2,
    2,
    2,
    2,
    2,
    2
  ],
  "meta_feature_importance": {
    "weight": {
      "bilstm_1s": 0.0,
      "bilstm_5s": 2.109704641350211,
      "bilstm_15s": 40.50632911392405,
      "spatial": 0.42194092827004215,
      "xgb_tabular": 56.9620253164557
    },
    "gain": {
      "bilstm_1s": 0.0,
      "bilstm_5s": 1.998787377868006,
      "bilstm_15s": 69.78908459886352,
      "spatial": 0.5324504163870193,
      "xgb_tabular": 27.679677606881448
    },
    "cover": {
      "bilstm_1s": 0.0,
      "bilstm_5s": 4.493675619258232,
      "bilstm_15s": 70.86318924128014,
      "spatial": 5.8104126296193295,
      "xgb_tabular": 18.8327225098423
    },
    "total_gain": {
      "bilstm_1s": 0.0,
      "bilstm_5s": 0.10842480592540225,
      "bilstm_15s": 37.64439162617996,
      "spatial": 0.025379273073396443,
      "xgb_tabular": 62.22180429482125
    },
    "total_cover": {
      "bilstm_1s": 0.0,
      "bilstm_5s": 0.42136347188063694,
      "bilstm_15s": 40.67629023445108,
      "spatial": 0.42172006932753214,
      "xgb_tabular": 58.480626224340746
    }
  },
  "ablation": {
    "xgb_only": 0.902127659574468,
    "bilstm_1_only": 0.7245762944221497,
    "bilstm_5_only": 0.800561785697937,
    "bilstm_15_only": 0.8936170339584351,
    "multiscale_bilstm_only": 0.902127659574468,
    "multiscale_bilstm_plus_knn": 0.9063829787234042,
    "full_detector": 0.8978723404255319
  },
  "knn_sensitivity": {
    "k=3": {
      "accuracy": 0.8978723404255319,
      "graph_density": 0.01282051282051282
    },
    "k=5": {
      "accuracy": 0.8978723404255319,
      "graph_density": 0.021367521367521368
    },
    "k=7": {
      "accuracy": 0.8978723404255319,
      "graph_density": 0.029914529914529916
    },
    "k=10": {
      "accuracy": 0.8978723404255319,
      "graph_density": 0.042735042735042736
    }
  }
}