{
  "seed": 789,
  "target_speed": 15,
  "accuracy": 0.8902439024390244,
  "precision_macro": 0.6666666666666666,
  "recall_macro": 0.5416666666666666,
  "f1_macro": 0.5897435897435898,
  "precision_per_class": [
    1.0,
    0.0,
    1.0
  ],
  "recall_per_class": [
    1.0,
    0.0,
    0.625
  ],
  "f1_per_class": [
    1.0,
    0.0,
    0.7692307692307693
  ],
  "confusion_matrix": [
    [
      58,
      0,
      0
    ],
    [
      0,
      0,
      0
    ],
    [
      0,
      9,
      15
    ]
  ],
  "single_scale_acc": {
    "1s": 0.7439024448394775,
    "5s": 0.7803030014038086,
    "15s": 0.895348846912384
  },
  "xgb_only_acc": 0.8953488372093024,
  "y_true": [
    0,
    0,
    0,
    0,
    0,
    0,
    0,
    0,
    0,
    0,
    0,
    0,
    0,
    0,
    0,
    0,
    0,
    0,
    0,
    0,
    0,
    0,
    0,
    0,
    0,
    0,
    0,
    0,
    0,
    0,
    0,
    0,
    0,
    0,
    0,
    0,
    0,
    0,
    0,
    0,
    0,
    0,
    0,
    2,
    2,
    2,
    2,
    2,
    2,
    2,
    2,
    2,
    2,
    2,
    2,
    2,
    2,
    2,
    2,
    2,
    2,
    2,
    2,
    2,
    2,
    2,
    2,
    0,
    0,
    0,
    0,
    0,
    0,
    0,
    0,
    0,
    0,
    0,
    0,
    0,
    0,
    0
  ],
  "y_pred": [
    0,
    0,
    0,
    0,
    0,
    0,
    0,
    0,
    0,
    0,
    0,
    0,
    0,
    0,
    0,
    0,
    0,
    0,
    0,
    0,
    0,
    0,
    0,
    0,
    0,
    0,
    0,
    0,
    0,
    0,
    0,
    0,
    0,
    0,
    0,
    0,
    0,
    0,
    0,
    0,
    0,
    0,
    0,
    1,
    1,
    1,
    2,
    2,
    2,
    2,
    2,
    2,
    2,
    2,
    1,
    1,
    1,
    1,
    1,
    1,
    2,
    2,
    2,
    2,
    2,
    2,
    2,
    0,
    0,
    0,
    0,
    0,
    0,
    0,
    0,
    0,
    0,
    0,
    0,
    0,
    0,
    0
  ],
  "meta_feature_importance": {
    "weight": {
      "bilstm_1s": 2.0618556701030926,
      "bilstm_5s": 10.652920962199312,
      "bilstm_15s": 37.80068728522337,
      "spatial": 3.0927835051546393,
      "xgb_tabular": 46.391752577319586
    },
    "gain": {
      "bilstm_1s": 0.5441218073376477,
      "bilstm_5s": 1.366671558755702,
      "bilstm_15s": 85.86339832267436,
      "spatial": 0.27186675880310496,
      "xgb_tabular": 11.953941552429187
    },
    "cover": {
      "bilstm_1s": 9.985883505375458,
      "bilstm_5s": 14.206430412546297,
      "bilstm_15s": 58.800780597805435,
      "spatial": 8.299239739545865,
      "xgb_tabular": 8.707665744726945
    },
    "total_gain": {
      "bilstm_1s": 0.05690235927794157,
      "bilstm_5s": 0.20045984747826434,
      "bilstm_15s": 44.68510132060939,
      "spatial": 0.04209428287340646,
      "xgb_tabular": 55.01544218976099
    },
    "total_cover": {
      "bilstm_1s": 1.4395453090691341,
      "bilstm_5s": 5.176599657609726,
      "bilstm_15s": 42.588442737107684,
      "spatial": 1.8107325765614253,
      "xgb_tabular": 48.98467971965203
    }
  },
  "ablation": {
    "xgb_only": 0.8953488372093024,
    "bilstm_1_only": 0.7439024448394775,
    "bilstm_5_only": 0.7803030014038086,
    "bilstm_15_only": 0.895348846912384,
    "multiscale_bilstm_only": 0.8780487804878049,
    "multiscale_bilstm_plus_knn": 0.8902439024390244,
    "full_detector": 0.8902439024390244
  },
  "knn_sensitivity": {
    "k=3": {
      "accuracy": 0.9024390243902439,
      "graph_density": 0.03529411764705882
    },
    "k=5": {
      "accuracy": 0.8902439024390244,
      "graph_density": 0.058823529411764705
    },
    "k=7": {
      "accuracy": 0.8902439024390244,
      "graph_density": 0.08235294117647059
    },
    "k=10": {
      "accuracy": 0.8902439024390244,
      "graph_density": 0.11764705882352941
    }
  }
}