{
  "seed": 999,
  "target_speed": 15,
  "accuracy": 0.8513513513513513,
  "precision_macro": 0.8238095238095239,
  "recall_macro": 0.8939393939393939,
  "f1_macro": 0.8353069279978222,
  "precision_per_class": [
    1.0,
    0.9714285714285714,
    0.5
  ],
  "recall_per_class": [
    1.0,
    0.7727272727272727,
    0.9090909090909091
  ],
  "f1_per_class": [
    1.0,
    0.8607594936708861,
    0.6451612903225806
  ],
  "confusion_matrix": [
    [
      19,
      0,
      0
    ],
    [
      0,
      34,
      10
    ],
    [
      0,
      1,
      10
    ]
  ],
  "single_scale_acc": {
    "1s": 0.7162162065505981,
    "5s": 0.7692307829856873,
    "15s": 0.9487179517745972
  },
  "xgb_only_acc": 0.8589743589743589,
  "y_true": [
    1,
    1,
    1,
    1,
    1,
    1,
    1,
    1,
    1,
    1,
    1,
    1,
    1,
    1,
    1,
    1,
    1,
    1,
    1,
    1,
    1,
    1,
    1,
    1,
    0,
    0,
    0,
    0,
    0,
    0,
    0,
    0,
    0,
    0,
    0,
    0,
    0,
    0,
    0,
    0,
    0,
    0,
    0,
    2,
    2,
    2,
    2,
    2,
    2,
    2,
    2,
    2,
    2,
    2,
    1,
    1,
    1,
    1,
    1,
    1,
    1,
    1,
    1,
    1,
    1,
    1,
    1,
    1,
    1,
    1,
    1,
    1,
    1,
    1
  ],
  "y_pred": [
    2,
    2,
    2,
    2,
    2,
    2,
    1,
    1,
    1,
    1,
    1,
    1,
    1,
    1,
    1,
    1,
    1,
    1,
    1,
    1,
    1,
    1,
    1,
    1,
    0,
    0,
    0,
    0,
    0,
    0,
    0,
    0,
    0,
    0,
    0,
    0,
    0,
    0,
    0,
    0,
    0,
    0,
    0,
    2,
    1,
    2,
    2,
    2,
    2,
    2,
    2,
    2,
    2,
    2,
    2,
    2,
    2,
    2,
    1,
    1,
    1,
    1,
    1,
    1,
    1,
    1,
    1,
    1,
    1,
    1,
    1,
    1,
    1,
    1
  ],
  "meta_feature_importance": {
    "weight": {
      "bilstm_1s": 1.3824884792626728,
      "bilstm_5s": 1.8433179723502304,
      "bilstm_15s": 44.23963133640553,
      "spatial": 1.3824884792626728,
      "xgb_tabular": 51.1520737327189
    },
    "gain": {
      "bilstm_1s": 3.3370166464329656,
      "bilstm_5s": 0.6081071575856725,
      "bilstm_15s": 71.59892106644715,
      "spatial": 0.5427306588308923,
      "xgb_tabular": 23.91322447070332
    },
    "cover": {
      "bilstm_1s": 11.33643109758899,
      "bilstm_5s": 5.492783268458805,
      "bilstm_15s": 60.451667765488125,
      "spatial": 8.802894656769144,
      "xgb_tabular": 13.916223211694934
    },
    "total_gain": {
      "bilstm_1s": 0.15006164767104446,
      "bilstm_5s": 0.03770531516579775,
      "bilstm_15s": 44.76888176233446,
      "spatial": 0.044489638458446897,
      "xgb_tabular": 54.99886163637024
    },
    "total_cover": {
      "bilstm_1s": 0.9719704481729032,
      "bilstm_5s": 0.5178484942330199,
      "bilstm_15s": 46.92472325340753,
      "spatial": 1.185500283252583,
      "xgb_tabular": 50.39995752093397
    }
  },
  "ablation": {
    "xgb_only": 0.8589743589743589,
    "bilstm_1_only": 0.7162162065505981,
    "bilstm_5_only": 0.7692307829856873,
    "bilstm_15_only": 0.9487179517745972,
    "multiscale_bilstm_only": 0.8378378378378378,
    "multiscale_bilstm_plus_knn": 0.8513513513513513,
    "full_detector": 0.8513513513513513
  },
  "knn_sensitivity": {
    "k=3": {
      "accuracy": 0.8513513513513513,
      "graph_density": 0.03896103896103896
    },
    "k=5": {
      "accuracy": 0.8513513513513513,
      "graph_density": 0.06493506493506493
    },
    "k=7": {
      "accuracy": 0.8513513513513513,
      "graph_density": 0.09090909090909091
    },
    "k=10": {
      "accuracy": 0.8513513513513513,
      "graph_density": 0.12987012987012986
    }
  }
}