{
  "seed": 55,
  "target_speed": 15,
  "accuracy": 0.8673469387755102,
  "precision_macro": 0.8602150537634409,
  "recall_macro": 0.8828828828828829,
  "f1_macro": 0.8405263744842199,
  "precision_per_class": [
    1.0,
    0.5806451612903226,
    1.0
  ],
  "recall_per_class": [
    1.0,
    1.0,
    0.6486486486486487
  ],
  "f1_per_class": [
    1.0,
    0.7346938775510204,
    0.7868852459016393
  ],
  "confusion_matrix": [
    [
      43,
      0,
      0
    ],
    [
      0,
      18,
      0
    ],
    [
      0,
      13,
      24
    ]
  ],
  "single_scale_acc": {
    "1s": 0.6600000262260437,
    "5s": 0.7051281929016113,
    "15s": 0.8469387888908386
  },
  "xgb_only_acc": 0.8673469387755102,
  "y_true": [
    1,
    1,
    1,
    1,
    1,
    1,
    1,
    1,
    1,
    1,
    1,
    1,
    1,
    1,
    1,
    1,
    1,
    1,
    2,
    2,
    2,
    2,
    2,
    2,
    2,
    2,
    2,
    2,
    2,
    2,
    2,
    0,
    0,
    0,
    0,
    0,
    0,
    0,
    0,
    0,
    0,
    0,
    0,
    0,
    0,
    0,
    0,
    0,
    0,
    0,
    0,
    0,
    0,
    2,
    2,
    2,
    2,
    2,
    2,
    2,
    2,
    2,
    2,
    2,
    2,
    2,
    2,
    2,
    2,
    2,
    2,
    2,
    2,
    2,
    2,
    2,
    2,
    0,
    0,
    0,
    0,
    0,
    0,
    0,
    0,
    0,
    0,
    0,
    0,
    0,
    0,
    0,
    0,
    0,
    0,
    0,
    0,
    0
  ],
  "y_pred": [
    1,
    1,
    1,
    1,
    1,
    1,
    1,
    1,
    1,
    1,
    1,
    1,
    1,
    1,
    1,
    1,
    1,
    1,
    1,
    1,
    1,
    1,
    1,
    1,
    1,
    1,
    1,
    1,
    2,
    2,
    2,
    0,
    0,
    0,
    0,
    0,
    0,
    0,
    0,
    0,
    0,
    0,
    0,
    0,
    0,
    0,
    0,
    0,
    0,
    0,
    0,
    0,
    0,
    1,
    1,
    2,
    2,
    2,
    2,
    2,
    2,
    2,
    2,
    2,
    2,
    2,
    1,
    2,
    2,
    2,
    2,
    2,
    2,
    2,
    2,
    2,
    2,
    0,
    0,
    0,
    0,
    0,
    0,
    0,
    0,
    0,
    0,
    0,
    0,
    0,
    0,
    0,
    0,
    0,
    0,
    0,
    0,
    0
  ],
  "meta_feature_importance": {
    "weight": {
      "bilstm_1s": 3.557312252964427,
      "bilstm_5s": 2.766798418972332,
      "bilstm_15s": 43.873517786561266,
      "spatial": 0.3952569169960474,
      "xgb_tabular": 49.40711462450593
    },
    "gain": {
      "bilstm_1s": 1.742237846701688,
      "bilstm_5s": 5.529324287118855,
      "bilstm_15s": 74.34755925167597,
      "spatial": 0.45325537982363145,
      "xgb_tabular": 17.927623234679846
    },
    "cover": {
      "bilstm_1s": 16.362460217885182,
      "bilstm_5s": 13.698160774744997,
      "bilstm_15s": 58.91187348342025,
      "spatial": 0.6131011180079308,
      "xgb_tabular": 10.414404405941639
    },
    "total_gain": {
      "bilstm_1s": 0.10496342170901683,
      "bilstm_5s": 0.44902959097558065,
      "bilstm_15s": 44.99508251401881,
      "spatial": 0.025062718317593487,
      "xgb_tabular": 54.425861754978996
    },
    "total_cover": {
      "bilstm_1s": 1.8947768633067625,
      "bilstm_5s": 1.6380723804590018,
      "bilstm_15s": 46.434998294654065,
      "spatial": 0.0588832591016015,
      "xgb_tabular": 49.973269202478576
    }
  },
  "ablation": {
    "xgb_only": 0.8673469387755102,
    "bilstm_1_only": 0.6600000262260437,
    "bilstm_5_only": 0.7051281929016113,
    "bilstm_15_only": 0.8469387888908386,
    "multiscale_bilstm_only": 0.8877551020408163,
    "multiscale_bilstm_plus_knn": 0.8877551020408163,
    "full_detector": 0.8673469387755102
  },
  "knn_sensitivity": {
    "k=3": {
      "accuracy": 0.8673469387755102,
      "graph_density": 0.030927835051546393
    },
    "k=5": {
      "accuracy": 0.8673469387755102,
      "graph_density": 0.05154639175257732
    },
    "k=7": {
      "accuracy": 0.8673469387755102,
      "graph_density": 0.07216494845360824
    },
    "k=10": {
      "accuracy": 0.8673469387755102,
      "graph_density": 0.10309278350515463
    }
  }
}