{
  "seed": 123,
  "target_speed": 15,
  "accuracy": 0.9322033898305084,
  "precision_macro": 0.9323232323232323,
  "recall_macro": 0.9245098039215686,
  "f1_macro": 0.9265873015873015,
  "precision_per_class": [
    1.0,
    0.8636363636363636,
    0.9333333333333333
  ],
  "recall_per_class": [
    1.0,
    0.95,
    0.8235294117647058
  ],
  "f1_per_class": [
    1.0,
    0.9047619047619048,
    0.875
  ],
  "confusion_matrix": [
    [
      44,
      0,
      0
    ],
    [
      0,
      38,
      2
    ],
    [
      0,
      6,
      28
    ]
  ],
  "single_scale_acc": {
    "1s": 0.7627118825912476,
    "5s": 0.813829779624939,
    "15s": 0.9359999895095825
  },
  "xgb_only_acc": 0.944,
  "y_true": [
    0,
    0,
    0,
    0,
    0,
    0,
    0,
    0,
    0,
    0,
    0,
    0,
    0,
    0,
    0,
    0,
    0,
    0,
    0,
    0,
    0,
    0,
    1,
    1,
    1,
    1,
    1,
    1,
    1,
    1,
    1,
    1,
    1,
    1,
    1,
    1,
    1,
    1,
    1,
    1,
    1,
    1,
    1,
    1,
    1,
    2,
    2,
    2,
    2,
    2,
    2,
    2,
    2,
    2,
    2,
    2,
    2,
    2,
    2,
    2,
    2,
    2,
    2,
    2,
    2,
    2,
    0,
    0,
    0,
    0,
    0,
    0,
    0,
    0,
    0,
    0,
    0,
    0,
    0,
    0,
    0,
    0,
    0,
    0,
    0,
    0,
    0,
    0,
    2,
    2,
    2,
    2,
    2,
    2,
    2,
    2,
    2,
    2,
    2,
    2,
    2,
    1,
    1,
    1,
    1,
    1,
    1,
    1,
    1,
    1,
    1,
    1,
    1,
    1,
    1,
    1,
    1,
    1
  ],
  "y_pred": [
    0,
    0,
    0,
    0,
    0,
    0,
    0,
    0,
    0,
    0,
    0,
    0,
    0,
    0,
    0,
    0,
    0,
    0,
    0,
    0,
    0,
    0,
    2,
    1,
    1,
    1,
    1,
    1,
    1,
    1,
    1,
    1,
    1,
    1,
    1,
    1,
    1,
    1,
    1,
    1,
    1,
    1,
    1,
    1,
    1,
    2,
    2,
    2,
    2,
    2,
    2,
    2,
    2,
    2,
    2,
    2,
    2,
    2,
    2,
    2,
    2,
    2,
    2,
    2,
    2,
    2,
    0,
    0,
    0,
    0,
    0,
    0,
    0,
    0,
    0,
    0,
    0,
    0,
    0,
    0,
    0,
    0,
    0,
    0,
    0,
    0,
    0,
    0,
    1,
    1,
    1,
    1,
    1,
    1,
    2,
    2,
    2,
    2,
    2,
    2,
    2,
    2,
    1,
    1,
    1,
    1,
    1,
    1,
    1,
    1,
    1,
    1,
    1,
    1,
    1,
    1,
    1,
    1
  ],
  "meta_feature_importance": {
    "weight": {
      "bilstm_1s": 1.984126984126984,
      "bilstm_5s": 1.984126984126984,
      "bilstm_15s": 43.25396825396825,
      "spatial": 0.3968253968253968,
      "xgb_tabular": 52.38095238095239
    },
    "gain": {
      "bilstm_1s": 2.536447043666965,
      "bilstm_5s": 0.6584087602003338,
      "bilstm_15s": 75.67057581306213,
      "spatial": 0.06349197020440542,
      "xgb_tabular": 21.071076412866173
    },
    "cover": {
      "bilstm_1s": 8.906013205749064,
      "bilstm_5s": 12.014192698364209,
      "bilstm_15s": 60.83604317171385,
      "spatial": 5.403490189756657,
      "xgb_tabular": 12.840260734416217
    },
    "total_gain": {
      "bilstm_1s": 0.1899305751773891,
      "bilstm_5s": 0.052421664981697286,
      "bilstm_15s": 43.23054380726606,
      "spatial": 0.0026175245651953723,
      "xgb_tabular": 56.52448642800966
    },
    "total_cover": {
      "bilstm_1s": 0.9902865763465506,
      "bilstm_5s": 1.3798923470368358,
      "bilstm_15s": 45.41572096147444,
      "spatial": 0.3764644936334062,
      "xgb_tabular": 51.837635621508774
    }
  },
  "ablation": {
    "xgb_only": 0.944,
    "bilstm_1_only": 0.7627118825912476,
    "bilstm_5_only": 0.813829779624939,
    "bilstm_15_only": 0.9359999895095825,
    "multiscale_bilstm_only": 0.9322033898305084,
    "multiscale_bilstm_plus_knn": 0.940677966101695,
    "full_detector": 0.9322033898305084
  },
  "knn_sensitivity": {
    "k=3": {
      "accuracy": 0.9322033898305084,
      "graph_density": 0.024193548387096774
    },
    "k=5": {
      "accuracy": 0.9322033898305084,
      "graph_density": 0.04032258064516129
    },
    "k=7": {
      "accuracy": 0.9322033898305084,
      "graph_density": 0.056451612903225805
    },
    "k=10": {
      "accuracy": 0.9322033898305084,
      "graph_density": 0.08064516129032258
    }
  }
}