{
  "seed": 2024,
  "target_speed": 15,
  "accuracy": 0.9230769230769231,
  "precision_macro": 0.8320042530568846,
  "recall_macro": 0.8965262379896526,
  "f1_macro": 0.8438438438438438,
  "precision_per_class": [
    1.0,
    0.9696969696969697,
    0.5263157894736842
  ],
  "recall_per_class": [
    1.0,
    0.7804878048780488,
    0.9090909090909091
  ],
  "f1_per_class": [
    1.0,
    0.8648648648648649,
    0.6666666666666666
  ],
  "confusion_matrix": [
    [
      78,
      0,
      0
    ],
    [
      0,
      32,
      9
    ],
    [
      0,
      1,
      10
    ]
  ],
  "single_scale_acc": {
    "1s": 0.8432835936546326,
    "5s": 0.8737373948097229,
    "15s": 0.9615384340286255
  },
  "xgb_only_acc": 0.9230769230769231,
  "y_true": [
    0,
    0,
    0,
    0,
    0,
    0,
    0,
    0,
    0,
    0,
    0,
    0,
    0,
    0,
    0,
    0,
    1,
    1,
    1,
    1,
    1,
    1,
    1,
    1,
    1,
    1,
    1,
    1,
    1,
    1,
    1,
    1,
    1,
    1,
    0,
    0,
    0,
    0,
    0,
    0,
    0,
    0,
    0,
    0,
    0,
    0,
    0,
    0,
    0,
    0,
    0,
    0,
    0,
    0,
    0,
    1,
    1,
    1,
    1,
    1,
    1,
    1,
    1,
    1,
    1,
    1,
    1,
    1,
    1,
    1,
    1,
    1,
    1,
    1,
    1,
    1,
    1,
    1,
    0,
    0,
    0,
    0,
    0,
    0,
    0,
    0,
    0,
    0,
    0,
    0,
    0,
    0,
    0,
    0,
    0,
    0,
    0,
    0,
    0,
    0,
    0,
    0,
    0,
    0,
    0,
    0,
    0,
    0,
    0,
    0,
    0,
    0,
    0,
    0,
    0,
    0,
    0,
    0,
    0,
    2,
    2,
    2,
    2,
    2,
    2,
    2,
    2,
    2,
    2,
    2
  ],
  "y_pred": [
    0,
    0,
    0,
    0,
    0,
    0,
    0,
    0,
    0,
    0,
    0,
    0,
    0,
    0,
    0,
    0,
    2,
    1,
    1,
    1,
    1,
    1,
    1,
    1,
    1,
    1,
    1,
    1,
    1,
    1,
    1,
    1,
    1,
    1,
    0,
    0,
    0,
    0,
    0,
    0,
    0,
    0,
    0,
    0,
    0,
    0,
    0,
    0,
    0,
    0,
    0,
    0,
    0,
    0,
    0,
    2,
    2,
    2,
    2,
    2,
    2,
    2,
    2,
    1,
    1,
    1,
    1,
    1,
    1,
    1,
    1,
    1,
    1,
    1,
    1,
    1,
    1,
    1,
    0,
    0,
    0,
    0,
    0,
    0,
    0,
    0,
    0,
    0,
    0,
    0,
    0,
    0,
    0,
    0,
    0,
    0,
    0,
    0,
    0,
    0,
    0,
    0,
    0,
    0,
    0,
    0,
    0,
    0,
    0,
    0,
    0,
    0,
    0,
    0,
    0,
    0,
    0,
    0,
    0,
    1,
    2,
    2,
    2,
    2,
    2,
    2,
    2,
    2,
    2,
    2
  ],
  "meta_feature_importance": {
    "weight": {
      "bilstm_1s": 0.9174311926605505,
      "bilstm_5s": 1.3761467889908259,
      "bilstm_15s": 44.03669724770643,
      "spatial": 1.3761467889908259,
      "xgb_tabular": 52.293577981651374
    },
    "gain": {
      "bilstm_1s": 1.3277889805464258,
      "bilstm_5s": 0.6706397092290143,
      "bilstm_15s": 69.39411839086289,
      "spatial": 1.5502020337146931,
      "xgb_tabular": 27.057250885646987
    },
    "cover": {
      "bilstm_1s": 6.836483676478487,
      "bilstm_5s": 16.373365616273773,
      "bilstm_15s": 58.552054515434484,
      "spatial": 4.7850536234696985,
      "xgb_tabular": 13.453042568343562
    },
    "total_gain": {
      "bilstm_1s": 0.052542856408527294,
      "bilstm_5s": 0.02653834793038827,
      "bilstm_15s": 40.35951316157487,
      "spatial": 0.06134411721669665,
      "xgb_tabular": 59.500061516869515
    },
    "total_cover": {
      "bilstm_1s": 0.5556627843509624,
      "bilstm_5s": 1.3308113290517598,
      "bilstm_15s": 43.83955601969694,
      "spatial": 0.3889245327731752,
      "xgb_tabular": 53.885045334127156
    }
  },
  "ablation": {
    "xgb_only": 0.9230769230769231,
    "bilstm_1_only": 0.8432835936546326,
    "bilstm_5_only": 0.8737373948097229,
    "bilstm_15_only": 0.9615384340286255,
    "multiscale_bilstm_only": 0.9307692307692308,
    "multiscale_bilstm_plus_knn": 0.9307692307692308,
    "full_detector": 0.9230769230769231
  },
  "knn_sensitivity": {
    "k=3": {
      "accuracy": 0.9230769230769231,
      "graph_density": 0.023255813953488372
    },
    "k=5": {
      "accuracy": 0.9230769230769231,
      "graph_density": 0.03875968992248062
    },
    "k=7": {
      "accuracy": 0.9230769230769231,
      "graph_density": 0.05426356589147287
    },
    "k=10": {
      "accuracy": 0.9230769230769231,
      "graph_density": 0.07751937984496124
    }
  }
}