{
  "seed": 7,
  "target_speed": 15,
  "accuracy": 0.8640776699029126,
  "precision_macro": 0.8576344086021505,
  "recall_macro": 0.9015873015873016,
  "f1_macro": 0.8678321678321678,
  "precision_per_class": [
    1.0,
    0.96,
    0.6129032258064516
  ],
  "recall_per_class": [
    1.0,
    0.8,
    0.9047619047619048
  ],
  "f1_per_class": [
    1.0,
    0.8727272727272727,
    0.7307692307692307
  ],
  "confusion_matrix": [
    [
      22,
      0,
      0
    ],
    [
      0,
      48,
      12
    ],
    [
      0,
      2,
      19
    ]
  ],
  "single_scale_acc": {
    "1s": 0.708737850189209,
    "5s": 0.7168674468994141,
    "15s": 0.9115044474601746
  },
  "xgb_only_acc": 0.8761061946902655,
  "y_true": [
    1,
    1,
    1,
    1,
    1,
    1,
    1,
    1,
    1,
    1,
    1,
    1,
    1,
    1,
    1,
    1,
    1,
    1,
    1,
    1,
    1,
    1,
    1,
    0,
    0,
    0,
    0,
    0,
    0,
    0,
    0,
    0,
    0,
    0,
    0,
    0,
    0,
    0,
    0,
    0,
    0,
    0,
    0,
    0,
    0,
    1,
    1,
    1,
    1,
    1,
    1,
    1,
    1,
    1,
    1,
    1,
    1,
    1,
    1,
    1,
    1,
    1,
    1,
    1,
    1,
    1,
    1,
    1,
    2,
    2,
    2,
    2,
    2,
    2,
    2,
    2,
    2,
    2,
    2,
    2,
    2,
    2,
    2,
    2,
    2,
    2,
    2,
    2,
    2,
    1,
    1,
    1,
    1,
    1,
    1,
    1,
    1,
    1,
    1,
    1,
    1,
    1,
    1
  ],
  "y_pred": [
    2,
    2,
    2,
    2,
    2,
    2,
    2,
    2,
    1,
    1,
    1,
    1,
    1,
    1,
    1,
    1,
    1,
    1,
    1,
    1,
    1,
    1,
    1,
    0,
    0,
    0,
    0,
    0,
    0,
    0,
    0,
    0,
    0,
    0,
    0,
    0,
    0,
    0,
    0,
    0,
    0,
    0,
    0,
    0,
    0,
    1,
    1,
    1,
    1,
    1,
    1,
    1,
    1,
    1,
    1,
    1,
    1,
    1,
    1,
    1,
    1,
    1,
    1,
    1,
    1,
    1,
    1,
    1,
    2,
    2,
    2,
    2,
    2,
    2,
    2,
    2,
    1,
    1,
    2,
    2,
    2,
    2,
    2,
    2,
    2,
    2,
    2,
    2,
    2,
    2,
    2,
    2,
    2,
    1,
    1,
    1,
    1,
    1,
    1,
    1,
    1,
    1,
    1
  ],
  "meta_feature_importance": {
    "weight": {
      "bilstm_1s": 0.7843137254901961,
      "bilstm_5s": 11.372549019607844,
      "bilstm_15s": 36.470588235294116,
      "spatial": 1.5686274509803921,
      "xgb_tabular": 49.80392156862745
    },
    "gain": {
      "bilstm_1s": 1.3345723236318672,
      "bilstm_5s": 3.9654865981134733,
      "bilstm_15s": 78.75982863201659,
      "spatial": 0.0537131934520837,
      "xgb_tabular": 15.886399252785989
    },
    "cover": {
      "bilstm_1s": 1.1196507263845399,
      "bilstm_5s": 24.844885125789535,
      "bilstm_15s": 59.6344524206083,
      "spatial": 2.9204658932495677,
      "xgb_tabular": 11.480545833968058
    },
    "total_gain": {
      "bilstm_1s": 0.07995328409666282,
      "bilstm_5s": 0.4878220085291622,
      "bilstm_15s": 45.93778953496691,
      "spatial": 0.006894952642442096,
      "xgb_tabular": 53.48754021976483
    },
    "total_cover": {
      "bilstm_1s": 0.10136333267069578,
      "bilstm_5s": 7.191158256543807,
      "bilstm_15s": 42.3250945839097,
      "spatial": 0.6390297584924727,
      "xgb_tabular": 49.743354068383326
    }
  },
  "ablation": {
    "xgb_only": 0.8761061946902655,
    "bilstm_1_only": 0.708737850189209,
    "bilstm_5_only": 0.7168674468994141,
    "bilstm_15_only": 0.9115044474601746,
    "multiscale_bilstm_only": 0.883495145631068,
    "multiscale_bilstm_plus_knn": 0.883495145631068,
    "full_detector": 0.8640776699029126
  },
  "knn_sensitivity": {
    "k=3": {
      "accuracy": 0.8640776699029126,
      "graph_density": 0.026785714285714284
    },
    "k=5": {
      "accuracy": 0.8640776699029126,
      "graph_density": 0.044642857142857144
    },
    "k=7": {
      "accuracy": 0.8640776699029126,
      "graph_density": 0.0625
    },
    "k=10": {
      "accuracy": 0.8640776699029126,
      "graph_density": 0.08928571428571429
    }
  }
}