{
  "seed": 888,
  "target_speed": 15,
  "accuracy": 0.8583333333333333,
  "precision_macro": 0.8736157253599114,
  "recall_macro": 0.8990982587064676,
  "f1_macro": 0.8783739837398374,
  "precision_per_class": [
    1.0,
    0.9464285714285714,
    0.6744186046511628
  ],
  "recall_per_class": [
    1.0,
    0.7910447761194029,
    0.90625
  ],
  "f1_per_class": [
    1.0,
    0.8617886178861789,
    0.7733333333333333
  ],
  "confusion_matrix": [
    [
      21,
      0,
      0
    ],
    [
      0,
      53,
      14
    ],
    [
      0,
      3,
      29
    ]
  ],
  "single_scale_acc": {
    "1s": 0.7083333134651184,
    "5s": 0.7445651888847351,
    "15s": 0.9083333611488342
  },
  "xgb_only_acc": 0.8416666666666667,
  "y_true": [
    1,
    1,
    1,
    1,
    1,
    1,
    1,
    1,
    1,
    1,
    1,
    1,
    1,
    1,
    1,
    1,
    1,
    1,
    1,
    1,
    1,
    1,
    1,
    1,
    2,
    2,
    2,
    2,
    2,
    2,
    2,
    2,
    2,
    2,
    2,
    2,
    2,
    2,
    2,
    2,
    2,
    2,
    2,
    2,
    2,
    1,
    1,
    1,
    1,
    1,
    1,
    1,
    1,
    1,
    1,
    1,
    1,
    1,
    1,
    1,
    1,
    1,
    1,
    1,
    1,
    1,
    1,
    1,
    2,
    2,
    2,
    2,
    2,
    2,
    2,
    2,
    2,
    2,
    2,
    1,
    1,
    1,
    1,
    1,
    1,
    1,
    1,
    1,
    1,
    1,
    1,
    1,
    1,
    1,
    1,
    1,
    1,
    1,
    1,
    0,
    0,
    0,
    0,
    0,
    0,
    0,
    0,
    0,
    0,
    0,
    0,
    0,
    0,
    0,
    0,
    0,
    0,
    0,
    0,
    0
  ],
  "y_pred": [
    2,
    2,
    2,
    2,
    2,
    2,
    1,
    1,
    1,
    1,
    1,
    1,
    1,
    1,
    1,
    1,
    1,
    1,
    1,
    1,
    1,
    1,
    1,
    1,
    1,
    2,
    2,
    2,
    2,
    2,
    2,
    2,
    2,
    2,
    2,
    2,
    2,
    2,
    2,
    2,
    2,
    2,
    2,
    2,
    2,
    2,
    2,
    2,
    2,
    2,
    2,
    1,
    1,
    1,
    1,
    1,
    1,
    1,
    1,
    1,
    1,
    1,
    1,
    1,
    1,
    1,
    1,
    1,
    1,
    1,
    2,
    2,
    2,
    2,
    2,
    2,
    2,
    2,
    2,
    2,
    2,
    1,
    1,
    1,
    1,
    1,
    1,
    1,
    1,
    1,
    1,
    1,
    1,
    1,
    1,
    1,
    1,
    1,
    1,
    0,
    0,
    0,
    0,
    0,
    0,
    0,
    0,
    0,
    0,
    0,
    0,
    0,
    0,
    0,
    0,
    0,
    0,
    0,
    0,
    0
  ],
  "meta_feature_importance": {
    "weight": {
      "bilstm_1s": 2.083333333333333,
      "bilstm_5s": 4.166666666666666,
      "bilstm_15s": 43.05555555555556,
      "spatial": 0.0,
      "xgb_tabular": 50.69444444444444
    },
    "gain": {
      "bilstm_1s": 1.9717436966544921,
      "bilstm_5s": 9.511411834222384,
      "bilstm_15s": 72.85681313364559,
      "spatial": 0.0,
      "xgb_tabular": 15.66003133547754
    },
    "cover": {
      "bilstm_1s": 10.320902773050987,
      "bilstm_5s": 12.802866010762989,
      "bilstm_15s": 66.41361344240175,
      "spatial": 0.0,
      "xgb_tabular": 10.462617773784267
    },
    "total_gain": {
      "bilstm_1s": 0.14243864021958824,
      "bilstm_5s": 0.7018727528404228,
      "bilstm_15s": 45.85197343976882,
      "spatial": 0.0,
      "xgb_tabular": 53.30371516717116
    },
    "total_cover": {
      "bilstm_1s": 1.3964539018245636,
      "bilstm_5s": 1.6446469847029344,
      "bilstm_15s": 47.96078988698383,
      "spatial": 0.0,
      "xgb_tabular": 48.99810922648867
    }
  },
  "ablation": {
    "xgb_only": 0.8416666666666667,
    "bilstm_1_only": 0.7083333134651184,
    "bilstm_5_only": 0.7445651888847351,
    "bilstm_15_only": 0.9083333611488342,
    "multiscale_bilstm_only": 0.9416666666666667,
    "multiscale_bilstm_plus_knn": 0.9416666666666667,
    "full_detector": 0.8583333333333333
  },
  "knn_sensitivity": {
    "k=3": {
      "accuracy": 0.8583333333333333,
      "graph_density": 0.025210084033613446
    },
    "k=5": {
      "accuracy": 0.8583333333333333,
      "graph_density": 0.04201680672268908
    },
    "k=7": {
      "accuracy": 0.8583333333333333,
      "graph_density": 0.058823529411764705
    },
    "k=10": {
      "accuracy": 0.8583333333333333,
      "graph_density": 0.08403361344537816
    }
  }
}