{
  "target_speed": 15,
  "n_seeds": 20,
  "seeds": [
    42,
    123,
    456,
    789,
    2024,
    7,
    13,
    21,
    33,
    55,
    77,
    99,
    111,
    222,
    333,
    444,
    555,
    777,
    888,
    999
  ],
  "accuracy_mean": 87.76281424132058,
  "accuracy_std": 3.196304849410695,
  "precision_mean": 83.24381012336313,
  "precision_std": 8.026408680175855,
  "recall_mean": 82.53657080435529,
  "recall_std": 11.468694370499687,
  "f1_mean": 81.84034556469057,
  "f1_std": 9.561572852932647,
  "raw_accuracies": [
    0.9285714285714286,
    0.9322033898305084,
    0.8629441624365483,
    0.8902439024390244,
    0.9230769230769231,
    0.8640776699029126,
    0.8597560975609756,
    0.8978723404255319,
    0.8454545454545455,
    0.8673469387755102,
    0.8913043478260869,
    0.9107142857142857,
    0.8666666666666667,
    0.8235294117647058,
    0.891156462585034,
    0.8707865168539326,
    0.8972972972972973,
    0.8198757763975155,
    0.8583333333333333,
    0.8513513513513513
  ]
}