{
  "baseline": "BERT_WordPiece",
  "seed": 789,
  "target_speed": 25,
  "accuracy": 0.9454545454545454,
  "precision_macro": 0.9285714285714286,
  "recall_macro": 0.9594594594594594,
  "f1_macro": 0.9404117009750812,
  "precision_per_class": [
    0.0,
    0.8571428571428571,
    1.0
  ],
  "recall_per_class": [
    0.0,
    1.0,
    0.918918918918919
  ],
  "f1_per_class": [
    0.0,
    0.9230769230769231,
    0.9577464788732394
  ],
  "confusion_matrix": [
    [
      0,
      0,
      0
    ],
    [
      0,
      18,
      0
    ],
    [
      0,
      3,
      34
    ]
  ],
  "y_true": [
    2,
    2,
    2,
    2,
    2,
    2,
    2,
    2,
    2,
    2,
    2,
    2,
    2,
    2,
    2,
    2,
    2,
    2,
    2,
    2,
    2,
    2,
    2,
    2,
    2,
    2,
    2,
    2,
    2,
    2,
    2,
    2,
    2,
    2,
    2,
    2,
    2,
    1,
    1,
    1,
    1,
    1,
    1,
    1,
    1,
    1,
    1,
    1,
    1,
    1,
    1,
    1,
    1,
    1,
    1
  ],
  "y_pred": [
    2,
    2,
    2,
    2,
    2,
    2,
    2,
    2,
    2,
    2,
    2,
    2,
    2,
    2,
    2,
    2,
    2,
    2,
    2,
    2,
    2,
    2,
    1,
    1,
    1,
    2,
    2,
    2,
    2,
    2,
    2,
    2,
    2,
    2,
    2,
    2,
    2,
    1,
    1,
    1,
    1,
    1,
    1,
    1,
    1,
    1,
    1,
    1,
    1,
    1,
    1,
    1,
    1,
    1,
    1
  ]
}