{
  "config_key": "low_lr1e5",
  "label": "LR=1e-5 (no warmup)",
  "seed": 789,
  "target_speed": 25,
  "accuracy": 0.9636363636363636,
  "precision_macro": 0.95,
  "recall_macro": 0.972972972972973,
  "f1_macro": 0.9597953216374269,
  "precision_per_class": [
    0.0,
    0.9,
    1.0
  ],
  "recall_per_class": [
    0.0,
    1.0,
    0.9459459459459459
  ],
  "f1_per_class": [
    0.0,
    0.9473684210526315,
    0.9722222222222222
  ],
  "confusion_matrix": [
    [
      0,
      0,
      0
    ],
    [
      0,
      18,
      0
    ],
    [
      0,
      2,
      35
    ]
  ],
  "y_true": [
    2,
    2,
    2,
    2,
    2,
    2,
    2,
    2,
    2,
    2,
    2,
    2,
    2,
    2,
    2,
    2,
    2,
    2,
    2,
    2,
    2,
    2,
    2,
    2,
    2,
    2,
    2,
    2,
    2,
    2,
    2,
    2,
    2,
    2,
    2,
    2,
    2,
    1,
    1,
    1,
    1,
    1,
    1,
    1,
    1,
    1,
    1,
    1,
    1,
    1,
    1,
    1,
    1,
    1,
    1
  ],
  "y_pred": [
    2,
    2,
    2,
    2,
    2,
    2,
    2,
    2,
    2,
    2,
    2,
    2,
    2,
    2,
    2,
    2,
    2,
    2,
    2,
    2,
    2,
    2,
    1,
    1,
    2,
    2,
    2,
    2,
    2,
    2,
    2,
    2,
    2,
    2,
    2,
    2,
    2,
    1,
    1,
    1,
    1,
    1,
    1,
    1,
    1,
    1,
    1,
    1,
    1,
    1,
    1,
    1,
    1,
    1,
    1
  ]
}