{
  "baseline": "LSTM_RELU_IOL1",
  "seed": 42,
  "target_speed": 25,
  "accuracy": 0.7058823529411765,
  "precision_macro": 0.7638888888888888,
  "recall_macro": 0.7222222222222222,
  "f1_macro": 0.7008547008547009,
  "precision_per_class": [
    0.625,
    1.0,
    0.6666666666666666
  ],
  "recall_per_class": [
    1.0,
    0.5,
    0.6666666666666666
  ],
  "f1_per_class": [
    0.7692307692307693,
    0.6666666666666666,
    0.6666666666666666
  ],
  "confusion_matrix": [
    [
      5,
      0,
      0
    ],
    [
      1,
      3,
      2
    ],
    [
      2,
      0,
      4
    ]
  ],
  "y_true": [
    1,
    1,
    2,
    2,
    0,
    2,
    2,
    1,
    1,
    2,
    2,
    0,
    0,
    1,
    1,
    0,
    0
  ],
  "y_pred": [
    1,
    2,
    2,
    2,
    0,
    2,
    0,
    0,
    2,
    0,
    2,
    0,
    0,
    1,
    1,
    0,
    0
  ]
}