{
  "baseline": "LSTM_RELU_IOL1",
  "seed": 456,
  "target_speed": 25,
  "accuracy": 0.7407407407407407,
  "precision_macro": 0.7705627705627706,
  "recall_macro": 0.7777777777777778,
  "f1_macro": 0.739938080495356,
  "precision_per_class": [
    1.0,
    0.8571428571428571,
    0.45454545454545453
  ],
  "recall_per_class": [
    1.0,
    0.5,
    0.8333333333333334
  ],
  "f1_per_class": [
    1.0,
    0.631578947368421,
    0.5882352941176471
  ],
  "confusion_matrix": [
    [
      9,
      0,
      0
    ],
    [
      0,
      6,
      6
    ],
    [
      0,
      1,
      5
    ]
  ],
  "y_true": [
    2,
    2,
    0,
    0,
    1,
    1,
    1,
    1,
    0,
    1,
    1,
    0,
    0,
    0,
    1,
    1,
    2,
    2,
    2,
    2,
    1,
    1,
    0,
    0,
    0,
    1,
    1
  ],
  "y_pred": [
    2,
    2,
    0,
    0,
    2,
    1,
    2,
    1,
    0,
    2,
    1,
    0,
    0,
    0,
    2,
    1,
    2,
    1,
    2,
    2,
    2,
    1,
    0,
    0,
    0,
    2,
    1
  ]
}