{
  "baseline": "LSTM_RELU_IOL1",
  "seed": 123,
  "target_speed": 25,
  "accuracy": 0.6923076923076923,
  "precision_macro": 0.7000000000000001,
  "recall_macro": 0.75,
  "f1_macro": 0.707936507936508,
  "precision_per_class": [
    0.75,
    0.6,
    0.75
  ],
  "recall_per_class": [
    1.0,
    0.75,
    0.5
  ],
  "f1_per_class": [
    0.8571428571428571,
    0.6666666666666666,
    0.6
  ],
  "confusion_matrix": [
    [
      3,
      0,
      0
    ],
    [
      0,
      3,
      1
    ],
    [
      1,
      2,
      3
    ]
  ],
  "y_true": [
    1,
    1,
    0,
    1,
    1,
    2,
    2,
    0,
    0,
    2,
    2,
    2,
    2
  ],
  "y_pred": [
    1,
    1,
    0,
    2,
    1,
    1,
    0,
    0,
    0,
    2,
    2,
    2,
    1
  ]
}